Date,Open,High,Low,Close,Amount
2010/4/1,54.25,54.9,54.25,54.75,12561
2010/4/2,54.75,54.9,54.65,54.75,5653
2010/4/6,54.9,55.55,54.9,55.3,15860
2010/4/7,55.35,55.5,55.3,55.4,6597
2010/4/8,55.4,55.5,54.85,55.05,9030
2010/4/9,55,55.2,54.8,55.2,6179
2010/4/12,55.45,55.55,55.2,55.45,8812
2010/4/13,55.2,55.2,54.6,54.8,11544
2010/4/14,55,55.2,54.8,55.2,8278
2010/4/15,55.35,55.8,55.35,55.55,12427
2010/4/16,55.5,55.5,54.9,55.2,11168
2010/4/19,54.65,54.65,53.65,53.65,14075
2010/4/20,53.9,54.1,53.75,53.85,6757
2010/4/21,54.15,54.6,54.15,54.55,7300
2010/4/22,54.2,54.5,53.9,54.45,8147
2010/4/23,54.45,54.75,54.45,54.75,8919
2010/4/26,55.25,55.9,55.25,55.9,11154
2010/4/27,55.9,55.95,55.6,55.85,5511
2010/4/28,54.75,55.35,54.55,55.25,7437
2010/4/29,55.25,55.3,54.85,55,5086
2010/4/30,55.4,55.7,54.7,54.8,5323
2010/5/3,54.5,54.85,54.25,54.45,5880
2010/5/4,54.75,54.8,54.2,54.5,10132
2010/5/5,53.4,53.45,52.85,53,20067
2010/5/6,52.95,52.95,51.8,51.95,30653
2010/5/7,51.3,52,51.05,51.95,28002
2010/5/10,52.15,52.5,51.85,52.4,11115
2010/5/11,52.6,52.8,52.05,52.2,9244
2010/5/12,52.1,52.5,51.95,52.1,7851
2010/5/13,52.65,53.4,52.6,53.25,8131
2010/5/14,53.05,53.2,52.9,53.1,12844
2010/5/17,52.6,52.6,51.7,51.9,12090
2010/5/18,52.1,52.2,51.8,52,5846
2010/5/19,51.5,51.55,50.95,51.45,15988
2010/5/20,51.45,51.45,50.75,50.8,13856
2010/5/21,50,50,49.3,49.75,29923
2010/5/24,49.9,50.55,49.9,50.45,6297
2010/5/25,50,50,48.65,49.12,23038
2010/5/26,49.74,49.8,49,49.32,14716
2010/5/27,49.32,49.66,48.75,49.66,15866
2010/5/28,50.1,50.3,49.76,49.87,9411
2010/5/31,50,50.15,49.72,50.1,4494
2010/6/1,50,50.2,49.6,49.83,5341
2010/6/2,49.52,49.83,48.8,49.05,8608
2010/6/3,49.8,50.2,49.75,50.2,5437
2010/6/4,50.2,50.2,49.94,50.05,3337
2010/6/7,48.85,48.85,48.3,48.74,15955
2010/6/8,48.7,48.7,48.31,48.56,6856
2010/6/9,48.5,48.65,47.95,48.18,7602
2010/6/10,48.18,48.89,48.18,48.85,5686
2010/6/11,49.69,49.76,49.46,49.62,5728
2010/6/14,50.2,50.4,50.05,50.35,5856
2010/6/15,50.35,51.1,50.15,50.7,7669
2010/6/17,51.1,51.25,50.85,51.05,5965
2010/6/18,51.05,51.15,50.65,50.9,3038
2010/6/21,51.5,52,51.35,52,15785
2010/6/22,51.9,51.9,51.65,51.7,5262
2010/6/23,51.35,51.5,51.05,51.15,7660
2010/6/24,51.15,51.4,51.1,51.3,5788
2010/6/25,50.75,51,50.5,50.6,6623
2010/6/28,50.7,50.95,50.6,50.8,3672
2010/6/29,51,51.45,50.4,50.5,11619
2010/6/30,49.55,49.69,49.28,49.55,13176
2010/7/1,49.55,49.55,49.01,49.19,12171
2010/7/2,49.1,49.79,49.08,49.49,6190
2010/7/5,49.73,50.5,49.6,50.5,3758
2010/7/6,50,51.4,50,51.4,9876
2010/7/7,51.35,51.4,51.1,51.3,4455
2010/7/8,51.9,52.05,51.65,52.05,12064
2010/7/9,51.9,52.4,51.9,52.35,8072
2010/7/12,52.4,52.95,52.3,52.3,8958
2010/7/13,52.4,52.6,52,52.15,5571
2010/7/14,52.9,53.15,52.8,53.15,15527
2010/7/15,52.95,53.25,52.8,53.25,11031
2010/7/16,53.15,53.15,52.7,52.9,9054
2010/7/19,52.25,52.85,52.2,52.75,16805
2010/7/20,52.75,53.35,52.55,53.2,8232
2010/7/21,53.2,53.35,52.85,52.9,8044
2010/7/22,52.9,53.05,52.6,52.95,4262
2010/7/23,53.1,53.7,53.1,53.7,18699
2010/7/26,53.7,53.95,53.65,53.85,9747
2010/7/27,53.9,53.9,53.55,53.6,5529
2010/7/28,53.6,54.1,53.5,54.05,13671
2010/7/29,53.95,54.15,53.8,54.1,10327
2010/7/30,53.9,54.05,53.5,53.9,7818
2010/8/2,54.35,55.2,54.35,54.95,12724
2010/8/3,55.05,55.3,54.95,55.2,8050
2010/8/4,55,55.3,54.95,55.1,7132
2010/8/5,55.25,55.45,54.85,55.05,9995
2010/8/6,54.9,55.25,54.9,55.2,11551
2010/8/9,55.1,55.65,55.1,55.5,10804
2010/8/10,55.5,55.7,55.2,55.4,7593
2010/8/11,55,55.2,54.55,54.7,5770
2010/8/12,54.1,54.45,54,54.25,7186
2010/8/13,54.3,55,54.3,54.85,6844
2010/8/16,54.45,55.05,54.3,55,4168
2010/8/17,54.85,55,54.75,54.95,3216
2010/8/18,55,55.05,54.4,54.65,5574
2010/8/19,54.65,55,54.5,54.95,3762
2010/8/20,54.85,54.95,54.65,54.95,5175
2010/8/23,54.85,55.6,54.7,55.3,7551
2010/8/24,55,55.25,54.9,54.95,6661
2010/8/25,54.3,54.5,53.85,53.95,13857
2010/8/26,53.9,53.95,53.6,53.6,9344
2010/8/27,53.6,53.9,53.45,53.85,8466
2010/8/30,54.3,54.6,53.95,54.1,8230
2010/8/31,53.7,53.7,53.15,53.3,8912
2010/9/1,53.5,53.7,53.35,53.7,11174
2010/9/2,54.1,54.35,53.8,54,7072
2010/9/3,54.2,54.6,54.1,54.55,6122
2010/9/6,54.95,55,54.65,54.95,10084
2010/9/7,54.95,55.05,54.8,54.85,5406
2010/9/8,54.75,54.9,54.45,54.75,5637
2010/9/9,54.95,55,54.65,54.75,3170
2010/9/10,55.15,55.3,55,55.25,6861
2010/9/13,55.55,56.8,55.55,56.8,18146
2010/9/14,56.8,57,56.75,57,15111
2010/9/15,57,57.25,56.9,57.25,16567
2010/9/16,57.2,57.3,56.65,56.65,11751
2010/9/17,56.85,57.5,56.85,57.3,18472
2010/9/20,57.2,57.45,57.1,57.25,6828
2010/9/21,57.6,57.8,57.15,57.35,7544
2010/9/23,57.35,57.65,57.1,57.35,10459
2010/9/24,57.1,57.3,56.85,57,5496
2010/9/27,57.5,57.6,57.3,57.5,4165
2010/9/28,57.15,57.55,57.15,57.4,7403
2010/9/29,57.6,58.15,57.5,57.8,12166
2010/9/30,57.7,57.8,57.5,57.7,6992
2010/10/1,57.9,57.9,57.5,57.75,10251
2010/10/4,57.85,58.1,57.75,57.75,16885
2010/10/5,57.5,57.55,57.05,57.4,10535
2010/10/6,57.9,58.05,57.7,57.75,16062
2010/10/7,57.85,57.95,57.7,57.95,8859
2010/10/8,57.85,57.95,57.45,57.6,6654
2010/10/11,57.6,57.6,56.9,56.95,8952
2010/10/12,57,57,56.05,56.2,10326
2010/10/13,56.35,56.55,56.15,56.55,4624
2010/10/14,56.9,57.7,56.9,57.45,8088
2010/10/15,57.5,57.6,57.3,57.35,2623
2010/10/18,57.3,57.3,56.15,56.2,15668
2010/10/19,56.2,56.2,55.85,56.05,13751
2010/10/20,55.8,56.7,55.7,56.7,12860
2010/10/21,56.8,56.95,56.55,56.75,11523
2010/10/22,56.75,57.1,56.75,57.1,10858
2010/10/25,55.5,56.15,55.1,56.1,16646
2010/10/26,56.3,56.35,56,56.35,8842
2010/10/27,56.5,56.65,55.85,56.05,5395
2010/10/28,56.05,56.5,55.9,56.5,4611
2010/10/29,56.2,56.35,55.9,56,7156
2010/11/1,56.2,57.05,56.2,56.8,12733
2010/11/2,56.8,56.9,56.65,56.8,5733
2010/11/3,56.95,57.1,56.5,56.7,13242
2010/11/4,56.8,57.2,56.8,57.05,8073
2010/11/5,57.55,57.75,57.5,57.65,18917
2010/11/8,57.8,57.85,57.45,57.55,9802
2010/11/9,57.55,57.7,57.45,57.7,3996
2010/11/10,57.8,57.85,57.6,57.65,18165
2010/11/11,57.8,57.8,57.45,57.5,8634
2010/11/12,57.25,57.25,56.35,56.35,12201
2010/11/15,56.3,56.3,56.05,56.15,7380
2010/11/16,56.1,56.85,56.1,56.75,7064
2010/11/17,56.35,56.65,56.15,56.5,6157
2010/11/18,56.4,56.6,56.3,56.6,2170
2010/11/19,56.9,57.15,56.3,56.65,3171
2010/11/22,56.8,57.5,56.8,57.35,5493
2010/11/23,57.35,57.35,56.8,56.9,3197
2010/11/24,56.7,57.05,56.65,56.85,4848
2010/11/25,56.85,57.15,56.85,57.1,3602
2010/11/26,57.15,57.15,56.8,56.8,4644
2010/11/29,57.1,57.35,56.85,56.9,8866
2010/11/30,57.05,57.5,56.95,57.1,8006
2010/12/1,57.1,58,57.1,58,12684
2010/12/2,58.5,58.7,58.35,58.45,12086
2010/12/3,58.6,59,58.6,59,13504
2010/12/6,59,59.35,59,59.15,8953
2010/12/7,59.2,59.2,58.85,59.1,5465
2010/12/8,59.1,59.35,58.95,59.1,6038
2010/12/9,59.5,59.8,59.45,59.7,10498
2010/12/10,59.6,59.6,59.15,59.3,5806
2010/12/13,59.2,59.5,59.2,59.45,5859
2010/12/14,59.25,59.6,59.1,59.3,11537
2010/12/15,59.3,59.65,59.15,59.6,11414
2010/12/16,59.65,59.85,59.6,59.7,18627
2010/12/17,59.8,60.45,59.8,60.2,30719
2010/12/20,60.4,60.4,59.5,59.9,13023
2010/12/21,59.9,60.15,59.65,60.05,10195
2010/12/22,60.4,60.4,60,60.05,14735
2010/12/23,60.05,60.55,60.05,60.45,16447
2010/12/24,60.45,60.45,60.15,60.2,11190
2010/12/27,60.2,60.55,60,60.45,10376
2010/12/28,60.45,60.5,60.1,60.35,12717
2010/12/29,60.35,60.5,60.2,60.5,15210
2010/12/30,60.7,60.8,60.4,60.8,5871
2010/12/31,60.8,61.4,60.75,61.4,13971
2011/1/3,61.6,61.65,61.45,61.45,12033
2011/1/4,61.55,61.6,61.3,61.3,11093
2011/1/5,61.1,61.35,59.9,60.3,20764
2011/1/6,60.25,60.3,59.95,60.2,6884
2011/1/7,60.25,60.35,59.4,59.65,12301
2011/1/10,59.75,59.9,59.55,59.85,4242
2011/1/11,59.7,61,59.7,60.85,12746
2011/1/12,61,61.25,60.9,61.1,5713
2011/1/13,61.25,61.4,60.8,61.05,10157
2011/1/14,60.95,61.1,60.8,61,7318
2011/1/17,61.15,61.25,60.7,60.85,5094
2011/1/18,60.55,61.55,60.5,61.35,9691
2011/1/19,61.35,62.15,61.35,62.05,15346
2011/1/20,62,62,61.6,61.65,5217
2011/1/21,61.1,61.45,60.55,61,11628
2011/1/24,61,61.2,60.9,60.95,17732
2011/1/25,61.45,61.7,61.4,61.45,18634
2011/1/26,61.45,62.1,61.45,62,20931
2011/1/27,62.05,62.7,62.05,62.45,17157
2011/1/28,62.5,63,62.45,63,11849
2011/2/8,63.05,63.2,62.4,62.6,11116
2011/2/9,62.5,62.6,61.7,62,12233
2011/2/10,61.6,61.6,60.75,60.85,22906
2011/2/11,60.4,60.4,58.5,58.9,43872
2011/2/14,59.05,59.65,59.05,59.4,11080
2011/2/15,59.4,59.9,58.65,59.75,9825
2011/2/16,59.8,60.1,59.6,59.85,20566
2011/2/17,59.75,59.8,59.4,59.65,6957
2011/2/18,60,60.85,59.95,60.65,9832
2011/2/21,60.4,60.8,60.15,60.65,14830
2011/2/22,60.3,60.3,59.3,59.85,31461
2011/2/23,59.45,59.7,58.8,59,28150
2011/2/24,59,59.55,59,59,28689
2011/2/25,59.3,59.65,58.45,59.5,34453
2011/3/1,59.7,60.05,59.5,59.95,8004
2011/3/2,59.45,59.9,59.4,59.45,22951
2011/3/3,59.55,60.3,59.5,60.2,28035
2011/3/4,60.5,60.7,60.4,60.65,12109
2011/3/7,60.5,60.5,60,60.2,14595
2011/3/8,60.05,60.4,60.05,60.25,2591
2011/3/9,60.55,60.65,60,60.2,11164
2011/3/10,60.15,60.25,59.3,59.5,8148
2011/3/11,59.05,59.05,58.4,58.85,22485
2011/3/14,58.6,58.9,57.65,58.8,28009
2011/3/15,58.7,58.7,55.6,57.5,62123
2011/3/16,58,58.05,57.25,57.3,20894
2011/3/17,56.8,57.3,56.5,57.3,20326
2011/3/18,57.7,57.8,57.35,57.75,13046
2011/3/21,57.9,58.5,57.8,58.1,18789
2011/3/22,58.5,58.7,58.35,58.4,17030
2011/3/23,58.4,58.65,58.15,58.5,13061
2011/3/24,58.85,59,58.55,58.75,13113
2011/3/25,59.05,59.65,59.05,59.35,12812
2011/3/28,59.25,59.3,58.85,59.15,6845
2011/3/29,58.9,59.3,58.75,59.25,5978
2011/3/30,59.4,59.8,59.25,59.6,11142
2011/3/31,59.5,59.7,59.1,59.55,8065
2011/4/1,59.6,59.85,59.6,59.85,9617
2011/4/6,60,61.4,60,61.15,30708
2011/4/7,61.35,61.4,60.95,61.3,20231
2011/4/8,61.25,61.5,61,61.1,11890
2011/4/11,61.1,61.2,60.75,61.1,16414
2011/4/12,60.8,60.8,59.85,60.05,14750
2011/4/13,59.9,60.4,59.75,60.4,9152
2011/4/14,60.45,60.7,60.05,60.35,5749
2011/4/15,60.4,60.45,59.6,59.65,3910
2011/4/18,59.75,59.95,59.45,59.55,5205
2011/4/19,59.35,59.35,58.8,59.2,14046
2011/4/20,59.5,60.35,59.5,60.3,11997
2011/4/21,60.95,61.8,60.95,61.7,34319
2011/4/22,61.8,61.8,61.45,61.6,22106
2011/4/25,61.9,62,61.25,61.45,26925
2011/4/26,60.9,61.35,60.7,61.2,23838
2011/4/27,61.75,62.25,61.75,62.15,46503
2011/4/28,62.25,62.5,62,62.15,30767
2011/4/29,62,62.4,61.65,62,50488
2011/5/3,62.2,62.3,61.5,62.15,26662
2011/5/4,61.6,61.8,61.1,61.8,19730
2011/5/5,61.4,62.35,61.3,62.25,22314
2011/5/6,61.9,62.05,61.65,61.95,24043
2011/5/9,62.1,62.6,61.9,62.3,15562
2011/5/10,62.3,62.3,62.05,62.3,8415
2011/5/11,62.5,62.5,61.95,62.05,9691
2011/5/12,61.7,62.4,61.55,62.25,17884
2011/5/13,62.25,62.25,61.9,62.05,7629
2011/5/16,61.95,61.95,61.25,61.3,16445
2011/5/17,61.2,61.45,60.95,61.25,16744
2011/5/18,61.2,61.6,61.15,61.6,5865
2011/5/19,61.6,62.1,61.05,61.05,17154
2011/5/20,61.25,61.5,60.9,61.1,15265
2011/5/23,60.8,60.8,60,60.35,38595
2011/5/24,60.3,60.45,60.05,60.45,26104
2011/5/25,60.1,60.4,59.8,60.25,22810
2011/5/26,60.35,60.85,60.2,60.85,7274
2011/5/27,60.65,61,60.5,60.6,11666
2011/5/30,60.4,60.75,60,60.5,10602
2011/5/31,60.8,62,60.8,62,10825
2011/6/1,62,62.45,61.85,62.35,26709
2011/6/2,62,62.15,61.8,61.9,18610
2011/6/3,62,62.25,61.75,62.2,14877
2011/6/7,61.9,62.25,61.55,62.2,10968
2011/6/8,62.05,62.25,61.85,62,14003
2011/6/9,61.8,62.1,61.8,62,8666
2011/6/10,62.15,62.2,60.5,60.55,27188
2011/6/13,60.25,60.25,59.6,59.75,21850
2011/6/14,60,60.75,59.8,60.75,11523
2011/6/15,60.7,60.7,59.8,60.5,11156
2011/6/16,59.9,59.9,59.3,59.4,23032
2011/6/17,59.6,59.7,59,59.2,20766
2011/6/20,59.4,59.5,58.55,58.6,21507
2011/6/21,59,59.2,58.65,59.05,15220
2011/6/22,59.5,59.5,58.8,59.2,11737
2011/6/23,58.95,59.1,58.6,58.65,15138
2011/6/24,58.7,58.7,58,58.2,27219
2011/6/27,57.5,57.85,57.2,57.8,27066
2011/6/28,58.05,58.15,57.5,57.65,11858
2011/6/29,58,58.75,57.9,58.65,16311
2011/6/30,58.8,59,58.55,58.85,8335
2011/7/1,59.2,59.8,59.2,59.7,13965
2011/7/4,59.9,60.2,59.9,60.05,18909
2011/7/5,60,60.1,59.75,59.95,12622
2011/7/6,60,60.7,60,60.6,13485
2011/7/7,60.7,60.7,60.15,60.35,11109
2011/7/8,60.5,60.7,59.9,60.05,14932
2011/7/11,59.85,59.95,59.4,59.65,11993
2011/7/12,59.1,59.1,58.45,58.7,48066
2011/7/13,58.65,59,58.45,58.7,39175
2011/7/14,59,59.05,58.45,58.9,39805
2011/7/15,59,59.25,58.7,59.2,18410
2011/7/18,59.15,59.2,58.4,59,20727
2011/7/19,58.85,59.05,58.65,58.9,8282
2011/7/20,59.5,60.5,59.5,60.45,18866
2011/7/21,60.45,60.6,60.35,60.6,10880
2011/7/22,60.85,61.15,60.8,61,22667
2011/7/25,60.5,60.85,60.2,60.4,8426
2011/7/26,60.5,61.3,60.5,61.2,15898
2011/7/27,61.2,61.45,61.05,61.35,8730
2011/7/28,60.8,61,60.5,60.85,12995
2011/7/29,60.75,60.9,59.9,59.9,13903
2011/8/1,60.5,60.5,60.15,60.35,9200
2011/8/2,59.9,59.9,59.4,59.55,16234
2011/8/3,58.85,58.85,58.2,58.6,41980
2011/8/4,58.6,58.85,57.8,57.85,40428
2011/8/5,55.7,55.7,54.45,54.45,93525
2011/8/8,54.3,54.65,51.4,53.5,88159
2011/8/9,51,53.5,50.4,53,137681
2011/8/10,53.95,54.25,53.4,54.1,51751
2011/8/11,53.2,54.5,52.7,54.1,35421
2011/8/12,54.7,54.85,53.4,53.55,38053
2011/8/15,54.2,54.6,54.1,54.6,13373
2011/8/16,54.8,55,54.1,54.35,14509
2011/8/17,54.35,54.5,53.8,53.95,16712
2011/8/18,53.4,53.45,52.65,52.95,29569
2011/8/19,51.8,51.9,51.1,51.1,46327
2011/8/22,51.3,52.45,51.05,51.5,36786
2011/8/23,52.1,53.35,51.75,53.3,25871
2011/8/24,53.4,53.4,52.1,52.6,25953
2011/8/25,53.2,53.3,52.35,52.35,16449
2011/8/26,52.8,53.25,52.6,53.05,19422
2011/8/29,53.1,54.1,53.1,53.8,21400
2011/8/30,54,54.4,53.85,54.2,18853
2011/8/31,54.1,54.6,53.9,54.55,17722
2011/9/1,55.05,56.1,55.05,55.15,35887
2011/9/2,55.15,55.3,54.65,55.15,14570
2011/9/5,53.95,53.95,53.4,53.6,20965
2011/9/6,53.3,53.35,52.3,52.55,25736
2011/9/7,53.35,53.6,52.9,53.55,15671
2011/9/8,54,54.15,53.45,53.7,14965
2011/9/9,53.55,54.75,53.55,54.15,21152
2011/9/13,53.6,53.75,52.55,52.65,26541
2011/9/14,53.15,53.2,51.3,51.6,40374
2011/9/15,52.7,53.05,52.3,52.85,26023
2011/9/16,53.5,54.15,53.5,54.1,32473
2011/9/19,53.85,53.85,53.05,53.2,17268
2011/9/20,53.35,53.7,52.5,53.4,18364
2011/9/21,53.4,53.95,53,53.6,9745
2011/9/22,52.6,52.6,51.85,52.1,29986
2011/9/23,50.5,50.85,49.93,50.35,64026
2011/9/26,50.25,50.3,49.3,49.32,42235
2011/9/27,50.5,51.15,50.5,51.1,29805
2011/9/28,51.2,51.3,50.9,51.15,18621
2011/9/29,50.65,51.75,50.6,51.6,14168
2011/9/30,51.45,51.9,51.25,51.65,11847
2011/10/3,50.75,51,50.15,50.3,26725
2011/10/4,49.9,50.75,49.5,50.75,19460
2011/10/5,50.9,50.95,50.2,50.25,13796
2011/10/6,51.15,51.55,51,51.25,21006
2011/10/7,51.8,52.15,51.5,51.55,18355
2011/10/11,52.75,53,52.7,53,24634
2011/10/12,52.85,53.1,52.5,52.85,10379
2011/10/13,53.2,53.2,52.65,52.8,12110
2011/10/14,52.6,52.9,52.45,52.45,9844
2011/10/17,53.1,53.45,52.8,53.1,12185
2011/10/18,52.5,52.7,52.2,52.55,18730
2011/10/19,52.6,52.75,52.3,52.35,15305
2011/10/20,52.55,52.65,51.75,51.75,19221
2011/10/21,51.8,51.95,51.55,51.95,16994
2011/10/24,52.45,53.6,52.45,53.6,27555
2011/10/25,53.65,53.7,53.45,53.6,23611
2011/10/26,51.6,52.15,51.3,52.15,24027
2011/10/27,52.15,52.3,51.75,52.25,23253
2011/10/28,53.4,53.45,52.35,52.4,36430
2011/10/31,52.8,52.95,52.1,52.2,16940
2011/11/1,52.2,52.85,51.85,52.55,10921
2011/11/2,51.6,52.5,51.45,52.4,23426
2011/11/3,52,52,51.45,51.45,29386
2011/11/4,52.2,52.6,52.1,52.3,19731
2011/11/7,52.3,52.55,52.15,52.4,5859
2011/11/8,52.4,52.85,52.15,52.15,13172
2011/11/9,52.5,52.6,52.1,52.2,9946
2011/11/10,51.25,51.25,50.2,50.55,59839
2011/11/11,50.65,51.05,50.5,50.9,15852
2011/11/14,51.75,52.25,51.75,52.15,22866
2011/11/15,52.05,52.1,51.75,51.85,6808
2011/11/16,52.15,52.3,51.1,51.2,20232
2011/11/17,50.9,51.35,50.5,51.35,16466
2011/11/18,50.7,50.8,50.25,50.3,39882
2011/11/21,49.9,49.9,49.12,49.23,46585
2011/11/22,49.23,49.47,48.83,49.02,37161
2011/11/23,48.8,48.86,47.7,47.85,55897
2011/11/24,47.8,48.03,47.28,47.86,38817
2011/11/25,48.24,48.46,47.05,47.44,31967
2011/11/28,48.08,48.3,47.85,48.29,17183
2011/11/29,48.75,48.75,48.2,48.72,13679
2011/11/30,48.5,48.53,47.75,48.08,13561
2011/12/1,49.6,50.6,49.6,50.3,50086
2011/12/2,50.1,50.25,49.6,49.82,11023
2011/12/5,49.82,49.82,49.2,49.66,9433
2011/12/6,49.5,49.5,48.67,48.69,14698
2011/12/7,49,49.33,49,49.2,15033
2011/12/8,49.01,49.01,48.4,48.86,14793
2011/12/9,48,48.63,48,48.24,18170
2011/12/12,48.94,49.09,48.63,48.8,12180
2011/12/13,48.37,48.78,48.17,48.55,9931
2011/12/14,48.54,48.6,48.17,48.59,5908
2011/12/15,48.01,48.01,47.5,47.5,21987
2011/12/16,47.65,47.81,47.45,47.7,15183
2011/12/19,47.4,47.4,46.61,46.74,25844
2011/12/20,47.05,47.27,46.91,47,7950
2011/12/21,48.55,49.3,48.55,49.28,31925
2011/12/22,49.27,49.32,48.99,49.16,17260
2011/12/23,49.89,50.25,49.79,50,28469
2011/12/26,50,50.05,49.8,49.95,11438
2011/12/27,49.85,50,49.62,49.85,15628
2011/12/28,49.75,49.87,49.52,49.57,13472
2011/12/29,49.5,49.72,49.22,49.61,13638
2011/12/30,50,50.15,49.59,49.81,19591
2012/1/2,49.45,49.6,48.94,49.06,11332
2012/1/3,49.5,49.95,49.4,49.7,19462
2012/1/4,49.9,50.15,49.78,50,23081
2012/1/5,50.1,50.15,49.91,50.15,21098
2012/1/6,50.1,50.25,49.85,50,28344
2012/1/9,49.9,49.95,49.63,49.81,14068
2012/1/10,50.2,50.7,50.2,50.7,29306
2012/1/11,50.7,50.8,50.6,50.65,13542
2012/1/12,50.7,50.85,50.5,50.75,18822
2012/1/13,51.15,51.25,50.75,50.85,39263
2012/1/16,51.05,51.1,49.75,50.05,28880
2012/1/17,50.35,50.6,50.1,50.55,15798
2012/1/18,50.55,50.75,50.3,50.4,12507
2012/1/30,51.4,52.3,51.4,51.8,34219
2012/1/31,52,52.4,51.75,51.95,20611
2012/2/1,52.2,52.5,52,52.3,24095
2012/2/2,52.7,52.95,52.5,52.9,20430
2012/2/3,52.95,53.05,52.75,53.05,35675
2012/2/4,53.35,53.8,53.35,53.65,35193
2012/2/6,53.5,53.5,53.15,53.2,18164
2012/2/7,53.3,53.6,53.05,53.3,19816
2012/2/8,53.5,54.45,53.5,54.45,39001
2012/2/9,54.05,54.4,53.9,54.4,36140
2012/2/10,54.25,54.55,53.95,53.95,28592
2012/2/13,54,54.35,53.75,54.2,26861
2012/2/14,54.05,54.25,53.6,54,23406
2012/2/15,54.3,55,54.2,54.9,41672
2012/2/16,54.65,54.85,54.2,54.25,22868
2012/2/17,54.8,55.2,54.35,54.75,35449
2012/2/20,54.8,55.05,54.5,54.7,31809
2012/2/21,54.5,54.75,54,54.5,15256
2012/2/22,54.3,55.1,54.2,54.85,17125
2012/2/23,54.55,54.75,54.4,54.6,9186
2012/2/24,54.6,54.85,54.25,54.75,9154
2012/2/29,55.25,56,55.25,56,28925
2012/3/1,55.95,56.2,55.85,55.9,20105
2012/3/2,56,56.1,55.55,55.6,9085
2012/3/3,55.5,55.55,55.3,55.4,9222
2012/3/5,55.3,55.35,54.8,54.85,17881
2012/3/6,54.9,55.05,54.1,54.6,16219
2012/3/7,54,54.5,54,54.4,11161
2012/3/8,54.4,54.9,54.15,54.7,15209
2012/3/9,54.7,55.05,54.45,54.95,12919
2012/3/12,55,55,54.35,54.35,10019
2012/3/13,54.6,55.3,54.6,55.1,18507
2012/3/14,56.05,56.2,55.75,55.9,23964
2012/3/15,55.75,55.9,55.5,55.65,7324
2012/3/16,55.5,55.7,55.4,55.4,8512
2012/3/19,55.45,55.65,54.8,55.25,13387
2012/3/20,55.35,55.35,54.7,54.85,6615
2012/3/21,54.85,55.2,54.8,54.85,7561
2012/3/22,54.95,55.75,54.95,55.6,12652
2012/3/23,55.45,55.6,55.3,55.45,5430
2012/3/26,55,55.25,54.45,54.55,9787
2012/3/27,54.8,55.25,54.75,55.25,10106
2012/3/28,55.45,55.85,55.2,55.45,12035
2012/3/29,55.2,55.2,54.35,54.7,10461
2012/3/30,54.5,54.9,54.2,54.9,8895
2012/4/2,54.9,54.9,54.5,54.7,4413
2012/4/3,54.85,54.9,54.1,54.25,9362
2012/4/5,53.45,53.8,53.05,53.65,14639
2012/4/6,53.6,53.85,53.4,53.75,15955
2012/4/9,53,53.5,52.7,53.1,18842
2012/4/10,53.55,53.6,52.9,53.1,6630
2012/4/11,52.7,53.45,52.7,53.3,12286
2012/4/12,53.05,53.4,52.85,53.35,9450
2012/4/13,53.8,54.05,53.65,53.95,8535
2012/4/16,53.45,53.8,53.45,53.8,5519
2012/4/17,53.9,53.9,52.9,52.9,21792
2012/4/18,53.5,53.5,52.95,53,11436
2012/4/19,53.05,53.2,52.5,53.05,9679
2012/4/20,52.9,52.95,52.3,52.35,15623
2012/4/23,52.3,52.4,51.85,52.3,18552
2012/4/24,52.25,52.65,52.05,52.4,6803
2012/4/25,52.6,52.8,52.45,52.7,3255
2012/4/26,52.8,52.85,52.2,52.3,5918
2012/4/27,52.6,53.05,52.1,52.2,12943
2012/4/30,52.1,52.1,51.65,52.05,12293
2012/5/2,52.25,53.35,52.2,53.35,12133
2012/5/3,53.25,53.25,52.95,53.1,5178
2012/5/4,52.8,53.3,52.65,53.2,11425
2012/5/7,52.45,52.45,51.85,52.05,21312
2012/5/8,52.2,52.25,51.9,52.05,9194
2012/5/9,51.65,51.85,51.35,51.7,22881
2012/5/10,51.6,52,51.55,51.7,7133
2012/5/11,51.6,51.6,51.05,51.15,29046
2012/5/14,51.3,51.3,50.95,51.2,10201
2012/5/15,50.9,51.2,50.55,51.2,21664
2012/5/16,51,51.1,50.1,50.2,32979
2012/5/17,50.25,50.85,50.25,50.8,7940
2012/5/18,50.05,50.25,49.62,49.67,37830
2012/5/21,49.95,50.05,49.74,49.95,14716
2012/5/22,50.35,50.4,50.05,50.4,9359
2012/5/23,49.9,49.9,49.39,49.49,23947
2012/5/24,49.55,49.69,49.15,49.38,12526
2012/5/25,49.45,49.45,48.95,49.01,13504
2012/5/28,49.01,49.47,48.85,49.47,6212
2012/5/29,49.6,50.8,49.6,50.7,17147
2012/5/30,50.35,50.35,49.83,50.1,11746
2012/5/31,49.55,50.15,49.24,50.15,13195
2012/6/1,49.85,49.85,49.1,49.15,13961
2012/6/4,48.2,48.2,47.45,47.68,37180
2012/6/5,48.42,48.45,48.04,48.3,9723
2012/6/6,48.4,48.72,48.22,48.63,5408
2012/6/7,49.1,49.12,48.63,48.74,6004
2012/6/8,48.57,48.6,47.9,48,12951
2012/6/11,48.86,49.07,48.65,48.99,8364
2012/6/12,48.1,48.61,48.1,48.61,5161
2012/6/13,48.61,48.83,48.46,48.71,3991
2012/6/14,48.71,49,48.63,48.78,3406
2012/6/15,48.78,49.4,48.68,49.4,6220
2012/6/18,50.4,50.5,50,50.2,9888
2012/6/19,50,50.1,49.86,49.91,7269
2012/6/20,50.15,50.45,50.15,50.45,9657
2012/6/21,50.2,50.3,49.88,50.15,4587
2012/6/22,49.2,49.62,49.2,49.56,6192
2012/6/25,49.04,49.29,49.03,49.2,7113
2012/6/26,49,49.1,48.85,48.99,15276
2012/6/27,48.88,49.5,48.86,49.45,7521
2012/6/28,49.7,49.75,49.43,49.53,10454
2012/6/29,49.48,50.3,49.35,50.2,13652
2012/7/2,50.5,50.7,50.3,50.6,9704
2012/7/3,50.8,51.5,50.75,51.2,17112
2012/7/4,51.45,51.75,51.25,51.4,9961
2012/7/5,51.45,51.65,51.25,51.3,4999
2012/7/6,51.45,51.55,50.95,51,11019
2012/7/9,50.8,51.05,50.65,50.95,5880
2012/7/10,50.95,51,50.3,50.4,9034
2012/7/11,50.3,50.55,50.15,50.55,4163
2012/7/12,50.45,50.5,49.55,49.65,15500
2012/7/13,49.5,49.7,49.35,49.5,7929
2012/7/16,49.75,49.8,49.25,49.5,6443
2012/7/17,49.5,50.05,49.4,49.85,6753
2012/7/18,49.8,49.8,49.18,49.2,8506
2012/7/19,49.7,50.3,49.66,50.2,7663
2012/7/20,50.15,50.25,49.95,50.15,5701
2012/7/23,49.65,49.7,49.04,49.25,14881
2012/7/24,49.2,49.2,48.89,49.12,22241
2012/7/25,48.82,49.21,48.51,48.86,16634
2012/7/26,49.33,49.33,48.78,48.94,8170
2012/7/27,49.5,49.95,49.35,49.92,9753
2012/7/30,50,50.55,50,50.25,10029
2012/7/31,50.5,51.1,50.1,51.1,14837
2012/8/1,50.9,51.3,50.8,51.2,6882
2012/8/3,50.75,50.9,50.55,50.9,5087
2012/8/6,51.9,52,51.45,51.55,11036
2012/8/7,51.6,51.65,51.4,51.6,4203
2012/8/8,51.95,52.2,51.7,51.75,9545
2012/8/9,52.1,52.9,52.1,52.85,21225
2012/8/10,52.85,53.05,52.75,52.8,11291
2012/8/13,53,53.25,52.95,53,15662
2012/8/14,53.1,53.55,53,53.25,16024
2012/8/15,53.2,53.4,52.95,53.05,11947
2012/8/16,53.1,53.5,53,53.2,7954
2012/8/17,53.35,53.35,52.95,52.95,5271
2012/8/20,52.85,53.05,52.55,52.8,9862
2012/8/21,52.95,53.8,52.95,53.4,27067
2012/8/22,53.35,53.4,53,53.35,5561
2012/8/23,53.2,53.5,53.15,53.3,8522
2012/8/24,53,53.2,52.95,53.1,11024
2012/8/27,53.45,53.55,53,53.2,7382
2012/8/28,52.95,52.95,52.45,52.5,9135
2012/8/29,52.4,52.8,52.4,52.7,2819
2012/8/30,52.45,52.7,52.4,52.55,6948
2012/8/31,52.5,52.85,52.45,52.75,3003
2012/9/3,52.7,53.25,52.7,53.15,7154
2012/9/4,53.15,53.3,53,53.05,7305
2012/9/5,52.9,52.9,52.35,52.35,5020
2012/9/6,52.3,52.5,51.9,52.15,5867
2012/9/7,53.1,53.2,52.8,52.95,7668
2012/9/10,52.95,53.35,52.9,53.35,8807
2012/9/11,53.35,53.5,53.25,53.3,8197
2012/9/12,53.75,54.15,53.75,54.05,21343
2012/9/13,54.2,54.3,54.05,54.15,11501
2012/9/14,54.8,55.6,54.8,55.5,35619
2012/9/17,55.5,55.8,55.35,55.6,20150
2012/9/18,55.5,55.6,55.25,55.4,17292
2012/9/19,55.45,55.75,55.35,55.65,20680
2012/9/20,55.55,55.65,55.1,55.25,12363
2012/9/21,55.35,55.6,55.35,55.45,11670
2012/9/24,55.3,55.7,54.95,55.5,15114
2012/9/25,55.6,55.65,55.25,55.3,7764
2012/9/26,54.9,55.15,54.75,54.9,5913
2012/9/27,54.8,55.15,54.8,55.1,4809
2012/9/28,55.25,55.35,54.8,55.15,4581
2012/10/1,55,55.1,54.75,55,4007
2012/10/2,55.1,55.35,54.95,55.25,6553
2012/10/3,55.25,55.3,54.9,55,3633
2012/10/4,55,55.1,54.5,55.05,8104
2012/10/5,55,55.3,55,55.1,11700
2012/10/8,55,55.05,54.55,54.65,9556
2012/10/9,54.75,54.75,54.4,54.4,8493
2012/10/11,53.7,53.7,53.2,53.3,30659
2012/10/12,53.3,53.4,52.9,53.15,16268
2012/10/15,53.05,53.25,53,53.25,10242
2012/10/16,53.4,53.5,53.3,53.5,8037
2012/10/17,53.9,53.9,53.3,53.4,16203
2012/10/18,53.7,53.8,53.45,53.65,11622
2012/10/19,53.6,53.6,53.05,53.25,16780
2012/10/22,52.6,52.9,52.4,52.9,13006
2012/10/23,52.9,53.1,52.65,52.9,30800
2012/10/24,50.55,51,50.45,51,18504
2012/10/25,50.95,50.95,50.45,50.5,20563
2012/10/26,50.7,50.75,49.87,49.91,26363
2012/10/29,49.99,50.2,49.87,50,15100
2012/10/30,50.3,50.65,50.2,50.45,12686
2012/10/31,50.7,50.7,50.2,50.4,6854
2012/11/1,50.1,50.55,49.6,50.35,16368
2012/11/2,50.7,50.7,50.5,50.7,7149
2012/11/5,50.55,50.7,50.3,50.5,8126
2012/11/6,50.65,50.95,50.4,50.9,9619
2012/11/7,50.9,51.2,50.65,51.15,11046
2012/11/8,50.6,50.75,50.5,50.75,9785
2012/11/9,50.35,51.3,50.25,51.1,10006
2012/11/12,51.3,51.3,50.85,50.9,7505
2012/11/13,51,51,50,50.05,14839
2012/11/14,49.95,50.25,49.82,50.15,7656
2012/11/15,50,50.25,49.5,50,11846
2012/11/16,49.95,50.35,49.78,49.94,13699
2012/11/19,50.3,50.35,50.05,50.25,4365
2012/11/20,50.7,50.7,50.25,50.35,4986
2012/11/21,50.45,50.5,49.7,49.97,13326
2012/11/22,50.3,50.35,50.1,50.2,7870
2012/11/23,50.55,51.8,50.5,51.7,19224
2012/11/26,51.8,52.3,51.8,52.2,13124
2012/11/27,52.2,52.5,52,52.4,8538
2012/11/28,52.4,52.5,52.2,52.45,4524
2012/11/29,52.65,53.1,52.65,53.1,19858
2012/11/30,53.1,53.7,53,53.55,29759
2012/12/3,53.55,53.8,53.2,53.5,11201
2012/12/4,53.05,53.45,53.05,53.45,10697
2012/12/5,53.3,53.8,53.1,53.75,13588
2012/12/6,53.75,53.75,53.45,53.6,11295
2012/12/7,53.65,54.05,53.65,53.9,16314
2012/12/10,53.9,54.05,53.5,53.7,9933
2012/12/11,53.65,53.8,53.3,53.65,8905
2012/12/12,53.8,54.3,53.8,54.1,18650
2012/12/13,54.3,54.8,54.25,54.7,22337
2012/12/14,54.6,54.6,54.2,54.2,9059
2012/12/17,54.2,54.2,53.4,53.5,5560
2012/12/18,53.75,53.75,53.4,53.55,6361
2012/12/19,53.95,53.95,53.6,53.7,4659
2012/12/20,53.35,53.5,53.05,53.05,7276
2012/12/21,53.05,53.2,52.4,52.8,11689
2012/12/22,52.6,53,52.6,52.95,4239
2012/12/24,52.9,53.05,52.65,52.7,4392
2012/12/25,52.75,53.7,52.75,53.6,11578
2012/12/26,53.6,53.75,53.4,53.5,18128
2012/12/27,53.2,53.6,53.2,53.45,11014
2012/12/28,53.7,53.95,53.65,53.8,19933
2013/1/2,54,54.65,53.9,54.4,16488
2013/1/3,54.9,55.05,54.65,54.85,29021
2013/1/4,54.85,54.85,54.4,54.5,9838
2013/1/7,54.55,54.55,53.9,54.25,8911
2013/1/8,54,54.2,53.65,53.9,12507
2013/1/9,53.75,54.3,53.75,54.1,7529
2013/1/10,54.3,54.65,54.15,54.5,13954
2013/1/11,54.7,54.8,54.35,54.45,11838
2013/1/14,54,54.5,53.8,54.5,7282
2013/1/15,54.2,54.45,53.9,54,6610
2013/1/16,54.05,54.05,53.7,53.7,8142
2013/1/17,53.9,54.2,53.2,53.3,10084
2013/1/18,53.95,53.95,53.7,53.95,5410
2013/1/21,53.95,54.05,53.55,53.9,4526
2013/1/22,54.3,54.3,53.7,54.05,10501
2013/1/23,54.2,54.3,53.9,54,7267
2013/1/24,53.75,53.9,53.25,53.7,11334
2013/1/25,53.65,53.7,53.2,53.5,8521
2013/1/28,53.7,53.95,53.65,53.75,8709
2013/1/29,53.95,54.5,53.95,54.5,21973
2013/1/30,54.5,54.75,54.45,54.6,21672
2013/1/31,54.5,54.6,54.3,54.6,12643
2013/2/1,54.7,54.85,54.6,54.8,15058
2013/2/4,54.85,55.4,54.85,55.2,30981
2013/2/5,54.9,55.1,54.9,55,15988
2013/2/6,55.2,55.5,55.2,55.4,29434
2013/2/18,55.5,55.9,55.45,55.6,29740
2013/2/19,55.6,55.75,55.55,55.65,16817
2013/2/20,55.9,56.2,55.9,56.1,21814
2013/2/21,55.9,56.05,55.7,55.7,9951
2013/2/22,55.6,55.85,55.35,55.5,9131
2013/2/23,55.7,55.9,55.65,55.8,6376
2013/2/25,55.8,55.8,55.55,55.7,10432
2013/2/26,55.25,55.4,55.05,55.1,6754
2013/2/27,55.05,55.2,54.95,55.2,4605
2013/3/1,55.35,55.55,55.3,55.4,5730
2013/3/4,55.4,55.45,54.7,54.75,8270
2013/3/5,54.9,55.35,54.9,55.2,16081
2013/3/6,55.7,55.75,55.2,55.45,4641
2013/3/7,55.2,55.65,55.2,55.4,5956
2013/3/8,55.6,55.9,55.6,55.8,12381
2013/3/11,55.8,56.1,55.6,55.9,12066
2013/3/12,55.9,56,55.55,55.55,7443
2013/3/13,55.6,55.95,55.3,55.65,10206
2013/3/14,55.5,55.6,55.35,55.6,12133
2013/3/15,55.6,55.7,55.2,55.2,9552
2013/3/18,55,55,54.3,54.5,13219
2013/3/19,54.7,54.75,54.5,54.6,3374
2013/3/20,54.35,54.55,54.15,54.25,8821
2013/3/21,54.4,54.45,54.25,54.3,4930
2013/3/22,54.2,54.35,54.15,54.15,8202
2013/3/25,54.75,54.75,54.45,54.55,2649
2013/3/26,54.55,54.6,54.45,54.55,1956
2013/3/27,54.6,54.85,54.45,54.7,4540
2013/3/28,54.7,54.75,54.4,54.55,3316
2013/3/29,54.85,55.15,54.7,55.1,5876
2013/4/1,55.1,55.2,54.95,55,3729
2013/4/2,55,55.1,54.7,54.85,4937
2013/4/3,55.1,55.15,54.9,55,2926
2013/4/8,54.45,54.5,53.85,53.85,18560
2013/4/9,54,54.05,53.6,53.7,7681
2013/4/10,53.75,53.95,53.6,53.8,3118
2013/4/11,53.95,54.4,53.95,54.35,9842
2013/4/12,54.4,54.5,54.2,54.35,2297
2013/4/15,54.25,54.35,53.75,53.9,4112
2013/4/16,53.5,54,53.45,54,5150
2013/4/17,54,54.1,53.85,53.9,4995
2013/4/18,53.55,54.1,53.55,53.85,5606
2013/4/19,54.25,55.5,54.25,55.45,22459
2013/4/22,55.55,55.65,55.3,55.4,11412
2013/4/23,55.4,55.4,54.95,55.1,3674
2013/4/24,55.35,55.75,55.25,55.55,12432
2013/4/25,55.45,55.75,55.4,55.65,11885
2013/4/26,55.8,56.2,55.8,55.85,11113
2013/4/29,55.9,56,55.75,55.8,8140
2013/4/30,56.25,56.55,56.25,56.4,17617
2013/5/2,56.35,56.65,56.35,56.55,15920
2013/5/3,56.85,57,56.65,56.65,13218
2013/5/6,57,57.15,56.9,56.9,8576
2013/5/7,56.9,57.2,56.8,57.1,14262
2013/5/8,57.2,58.1,57.2,57.85,21793
2013/5/9,58.2,58.45,58.15,58.2,17797
2013/5/10,58.1,58.15,57.85,57.9,9241
2013/5/13,57.9,58,57.6,57.75,6700
2013/5/14,58,58.25,57.75,57.9,10934
2013/5/15,58.1,58.1,57.65,57.95,11720
2013/5/16,58.5,58.9,58.4,58.7,32188
2013/5/17,58.6,58.7,58.4,58.4,8652
2013/5/20,58.3,58.5,58.1,58.3,7993
2013/5/21,58.35,58.7,58.15,58.3,6990
2013/5/22,58.65,58.7,58.2,58.25,7429
2013/5/23,57.9,58,57,57,14866
2013/5/24,57,57.2,56.6,56.85,6950
2013/5/27,56.8,57.35,56.8,57.35,3286
2013/5/28,57.4,57.45,57.15,57.15,2343
2013/5/29,57.35,57.8,57.35,57.65,7989
2013/5/30,57.4,57.45,56.85,56.95,8824
2013/5/31,57.5,57.7,56.8,56.95,9240
2013/6/3,56.45,56.75,56.25,56.7,6539
2013/6/4,56.7,56.8,56.35,56.6,4243
2013/6/5,56.55,56.75,56.35,56.6,3460
2013/6/6,56.2,56.3,55.75,55.9,15077
2013/6/7,55.95,56.15,55.9,56.05,9058
2013/6/10,56.55,56.7,56.4,56.5,3505
2013/6/11,56.55,56.65,56.25,56.35,4689
2013/6/13,55.9,55.9,55,55,33024
2013/6/14,55.15,55.15,54.7,54.8,18099
2013/6/17,54.85,55.15,54.8,55.15,5347
2013/6/18,55.15,55.4,54.85,55.4,8772
2013/6/19,55.5,55.5,55.15,55.3,6077
2013/6/20,55,55,54.2,54.25,25488
2013/6/21,54.1,54.1,53.25,53.6,34640
2013/6/24,53.4,53.5,53.1,53.4,21260
2013/6/25,53.3,53.7,52.95,53,19437
2013/6/26,53.6,53.8,53.3,53.7,9916
2013/6/27,54.05,54.35,53.9,54.35,22275
2013/6/28,54.4,55.1,54.3,55.1,13714
2013/7/1,54.8,55.7,54.8,55.6,13788
2013/7/2,55.65,55.75,55.45,55.5,4672
2013/7/3,55.2,55.4,54.85,54.85,7004
2013/7/4,54.9,55.15,54.8,54.95,4877
2013/7/5,55.25,56.05,55.2,56.05,17675
2013/7/8,56.05,56.05,54.95,55,8666
2013/7/9,55,55.7,54.95,55.65,4074
2013/7/10,55.75,56.3,55.65,55.8,9108
2013/7/11,56.75,57.4,56.7,57.2,30309
2013/7/12,57.2,57.4,57.1,57.35,12910
2013/7/15,57.35,57.7,57.1,57.5,14188
2013/7/16,57.5,57.6,57.35,57.5,9554
2013/7/17,57.4,57.75,57.35,57.6,12990
2013/7/18,57.6,57.65,57.1,57.2,12640
2013/7/19,56.9,56.9,55.75,55.95,24693
2013/7/22,56.15,56.4,56.1,56.15,5258
2013/7/23,56.5,57.2,56.5,57.05,8972
2013/7/24,56.8,57.15,56.8,56.9,4961
2013/7/25,56.8,57.15,56.5,57,4112
2013/7/26,57,57.4,56.7,56.9,4896
2013/7/29,56.7,56.85,56.25,56.5,5925
2013/7/30,56.75,57.15,56.5,56.95,10122
2013/7/31,56.95,56.95,56.55,56.6,4384
2013/8/1,56.55,56.65,56.05,56.2,7468
2013/8/2,56.6,57,56.35,56.55,6840
2013/8/5,56.5,56.8,56.25,56.7,2878
2013/8/6,56.4,56.4,55.75,55.9,20740
2013/8/7,55.55,55.55,55.1,55.1,21061
2013/8/8,55,55.1,54.8,54.9,25090
2013/8/9,54.9,55.1,54.65,54.85,25862
2013/8/12,55,55.05,54.7,55,12025
2013/8/13,55.35,55.55,55.3,55.55,7627
2013/8/14,55.55,55.55,55.1,55.4,11120
2013/8/15,54.85,55.05,54.5,55,17433
2013/8/16,54.65,55.45,54.65,55.25,17786
2013/8/19,55.05,55.1,54.85,55.1,8439
2013/8/20,54.85,55.15,54.5,54.6,19856
2013/8/22,54.3,54.35,53.85,54.15,30612
2013/8/23,54.5,55,54.5,54.85,16799
2013/8/26,55,55.2,54.75,55.1,6650
2013/8/27,55,55,54.6,54.6,7340
2013/8/28,54.35,54.75,54.3,54.75,9584
2013/8/29,54.85,55.6,54.85,55.5,12791
2013/8/30,55.6,55.85,55.4,55.85,11436
2013/9/2,55.95,56.4,55.9,56.3,20805
2013/9/3,56.6,56.7,56.4,56.65,20556
2013/9/4,56.5,56.6,56.25,56.55,10480
2013/9/5,56.7,56.95,56.55,56.9,21412
2013/9/6,56.85,57.05,56.85,57,22393
2013/9/9,57,57.3,56.7,57.2,17059
2013/9/10,57.35,57.6,57.15,57.35,23422
2013/9/11,57.5,57.5,57.1,57.5,20577
2013/9/12,57.4,57.7,57.3,57.55,12988
2013/9/13,57.5,57.6,57.1,57.1,5616
2013/9/14,57.15,57.25,57.05,57.1,6236
2013/9/16,57.45,57.95,57.45,57.8,14816
2013/9/17,57.5,57.75,57.5,57.75,6241
2013/9/18,57.9,58,57.55,57.55,14817
2013/9/23,57.55,58.15,57.5,58,10272
2013/9/24,58,58.1,57.75,58.05,10109
2013/9/25,58,58,57.6,57.8,4177
2013/9/26,57.7,57.8,57.2,57.25,4356
2013/9/27,57.4,57.55,57.35,57.4,4769
2013/9/30,57,57.3,56.75,57.15,16694
2013/10/1,57,57.3,57,57.15,15432
2013/10/2,57.5,57.5,57.25,57.35,11304
2013/10/3,57.5,58.8,57.45,58.55,23775
2013/10/4,58.5,58.55,58.25,58.45,16689
2013/10/7,58.15,58.15,57.85,57.9,4870
2013/10/8,57.85,58.45,57.8,58.35,9441
2013/10/9,58.1,58.35,58,58.2,6006
2013/10/11,58.85,58.95,58.4,58.45,9045
2013/10/14,58.4,58.4,57.95,58,6624
2013/10/15,58.45,58.6,58.3,58.5,8043
2013/10/16,58.45,58.6,58.25,58.25,7029
2013/10/17,58.65,58.85,58.45,58.55,5063
2013/10/18,58.65,59.1,58.65,59.05,14819
2013/10/21,59.05,59.15,58.85,59,6552
2013/10/22,58.8,59.1,58.6,59,7199
2013/10/23,59.1,59.1,58.6,58.7,8639
2013/10/24,57.7,57.7,57.15,57.55,7936
2013/10/25,57.35,57.35,56.85,57.1,11177
2013/10/28,57.15,57.65,57.1,57.5,6937
2013/10/29,57.45,57.8,57.3,57.75,5791
2013/10/30,57.8,57.9,57.65,57.9,4376
2013/10/31,57.85,58.05,57.6,57.9,6046
2013/11/1,58,58.1,57.45,57.6,6293
2013/11/4,57.4,57.4,57.1,57.35,6647
2013/11/5,57.25,57.35,56.75,56.8,7879
2013/11/6,56.8,56.9,56.6,56.8,4717
2013/11/7,56.85,56.85,56.5,56.65,4901
2013/11/8,56.6,56.65,56.35,56.45,6210
2013/11/11,56.45,56.5,56.2,56.3,8238
2013/11/12,56.6,56.6,56.2,56.5,6243
2013/11/13,56.25,56.3,55.7,55.75,17169
2013/11/14,56,56.1,55.65,55.9,15583
2013/11/15,56.1,56.35,55.9,56.15,12723
2013/11/18,56.35,56.5,56.2,56.45,5566
2013/11/19,56.55,56.85,56.55,56.8,8479
2013/11/20,56.65,56.7,56.35,56.45,9702
2013/11/21,56.1,56.1,55.4,55.45,35062
2013/11/22,55.5,55.7,55.5,55.5,10937
2013/11/25,56.15,56.5,56.15,56.25,10345
2013/11/26,56,56.9,56,56.7,9879
2013/11/27,56.7,57.05,56.65,57,8118
2013/11/28,57.35,57.45,57.2,57.35,11237
2013/11/29,57.35,57.7,57.25,57.55,14721
2013/12/2,57.6,57.7,57.35,57.45,5601
2013/12/3,57.35,57.5,57.15,57.5,7385
2013/12/4,57.25,57.65,57.2,57.45,7402
2013/12/5,57.45,57.5,57,57.1,6057
2013/12/6,57.05,57.4,56.9,57.15,4024
2013/12/9,57.55,57.95,57.55,57.65,8645
2013/12/10,57.55,57.9,57.55,57.8,6867
2013/12/11,57.95,58.3,57.65,57.85,10106
2013/12/12,57.6,57.6,57.2,57.4,4216
2013/12/13,57.1,57.4,57.05,57.35,5100
2013/12/16,57.25,57.25,56.7,56.9,6972
2013/12/17,57.15,57.3,57.1,57.2,3090
2013/12/18,57.2,57.2,56.85,57,3488
2013/12/19,57.4,57.5,57.15,57.35,6052
2013/12/20,57.35,57.55,57.2,57.45,4318
2013/12/23,57.55,58,57.55,57.85,9017
2013/12/24,57.85,57.9,57.7,57.8,5053
2013/12/25,57.9,57.95,57.75,57.85,3321
2013/12/26,57.85,57.95,57.8,57.85,3417
2013/12/27,57.8,58.4,57.8,58.3,12607
2013/12/30,58.35,58.95,58.35,58.8,18119
2013/12/31,59.05,59.05,58.7,58.7,12257
2014/1/2,58.7,58.75,58.35,58.55,10762
2014/1/3,58.45,58.45,57.7,57.85,14510
2014/1/6,57.75,57.95,57.55,57.7,14871
2014/1/7,57.75,57.9,57.7,57.7,13128
2014/1/8,57.7,57.95,57.7,57.8,7605
2014/1/9,57.65,57.8,57.4,57.55,8571
2014/1/10,57.5,57.65,57.5,57.55,4742
2014/1/13,58,58.2,57.8,57.9,6180
2014/1/14,57.7,57.85,57.6,57.8,4276
2014/1/15,57.95,58.45,57.95,58.4,11676
2014/1/16,58.5,58.75,58.5,58.55,12772
2014/1/17,58.6,58.7,58.3,58.65,8170
2014/1/20,58.4,58.8,58.4,58.8,5627
2014/1/21,58.75,58.85,58.5,58.55,6964
2014/1/22,58.45,58.65,58.35,58.65,6838
2014/1/23,58.6,58.75,58.35,58.5,6905
2014/1/24,58.3,58.8,58.3,58.65,10706
2014/1/27,58.1,58.2,57.45,57.6,21325
2014/2/5,56.4,56.4,55.6,55.8,57560
2014/2/6,55.95,56.2,55.8,56,12854
2014/2/7,56.4,56.7,56.3,56.6,16028
2014/2/10,56.9,56.9,56.6,56.6,6020
2014/2/11,56.6,56.95,56.6,56.95,5582
2014/2/12,57.15,57.55,57.15,57.55,18605
2014/2/13,57.45,57.55,57.35,57.4,8236
2014/2/14,57.7,58.2,57.7,57.95,22329
2014/2/17,58.1,58.25,57.95,57.95,15435
2014/2/18,57.95,58.15,57.8,58.15,13089
2014/2/19,58.1,58.2,58.05,58.15,13367
2014/2/20,58.05,58.05,57.6,57.65,13737
2014/2/21,58.4,58.45,58.2,58.2,17317
2014/2/24,58.4,58.45,57.8,57.9,7368
2014/2/25,58.25,58.25,57.95,58.15,8622
2014/2/26,58,58.5,57.95,58.4,8954
2014/2/27,58.3,58.45,58.3,58.3,3676
2014/3/3,57.8,58.15,57.5,57.95,8021
2014/3/4,57.9,58,57.7,57.7,6186
2014/3/5,58.2,58.45,58.2,58.3,6902
2014/3/6,58.35,59.2,58.35,59.15,26227
2014/3/7,59.3,59.8,59.3,59.4,30395
2014/3/10,59.3,59.4,58.95,59.05,7931
2014/3/11,59.25,59.45,59.15,59.35,4968
2014/3/12,58.85,59,58.75,58.8,2672
2014/3/13,59.25,59.8,59.25,59.75,25693
2014/3/14,59.15,59.3,59.1,59.15,13450
2014/3/17,59.15,59.2,58.9,59.05,8983
2014/3/18,59.4,59.5,59.2,59.4,14863
2014/3/19,59.4,59.45,58.95,59.25,9855
2014/3/20,58.7,58.7,58.3,58.5,18483
2014/3/21,58.65,58.65,58.4,58.5,4143
2014/3/24,58.45,58.65,58.25,58.65,11346
2014/3/25,58.5,59.15,58.5,59.15,4915
2014/3/26,59.45,59.7,59.35,59.7,9980
2014/3/27,59.5,59.85,59.45,59.8,11258
2014/3/28,59.85,60.1,59.8,59.9,20165
2014/3/31,60.05,60.15,59.9,60.1,17187
2014/4/1,60.25,60.6,60.2,60.6,28836
2014/4/2,60.8,61.15,60.8,60.8,19105
2014/4/3,60.8,60.95,60.65,60.65,12620
2014/4/7,60.4,60.5,60.3,60.5,11380
2014/4/8,60.45,60.9,60.45,60.8,14012
2014/4/9,60.8,61.1,60.8,61,12067
2014/4/10,61.25,61.3,60.9,61.2,13487
2014/4/11,60.8,61.15,60.8,61.15,15019
2014/4/14,61.1,61.2,60.9,61.05,13397
2014/4/15,61.2,61.45,61.2,61.35,13893
2014/4/16,61.35,61.5,61.1,61.3,7050
2014/4/17,61.3,61.4,61.1,61.15,3532
2014/4/18,61.75,61.9,61.5,61.55,7073
2014/4/21,61.45,61.65,61.45,61.55,3406
2014/4/22,61.55,61.95,61.55,61.75,9138
2014/4/23,61.85,62.05,61.5,61.65,5487
2014/4/24,61.7,61.8,61.6,61.75,4518
2014/4/25,61.65,61.8,60.6,60.7,22903
2014/4/28,60.3,61.5,60.3,61.25,8483
2014/4/29,61.25,61.5,61.1,61.35,6519
2014/4/30,61.4,61.45,60.8,61,5598
2014/5/2,61.15,61.65,61.15,61.3,7647
2014/5/5,61.55,61.6,61,61.2,6846
2014/5/6,61.5,61.75,61.1,61.55,10314
2014/5/7,61.5,61.6,61.2,61.4,7878
2014/5/8,61.6,61.85,61.4,61.85,3831
2014/5/9,61.7,61.85,61.45,61.45,3932
2014/5/12,61.5,61.5,61.1,61.15,3934
2014/5/13,61.6,61.75,61.35,61.45,5611
2014/5/14,61.6,61.8,61.45,61.8,10740
2014/5/15,61.75,61.85,61.55,61.75,8904
2014/5/16,61.65,61.85,61.4,61.85,9139
2014/5/19,61.85,62,61.8,61.85,7166
2014/5/20,61.9,62.3,61.9,62.1,9947
2014/5/21,62,62.2,61.75,61.8,6524
2014/5/22,62,62.65,61.95,62.65,14665
2014/5/23,62.85,62.9,62.65,62.75,13449
2014/5/26,62.85,63.1,62.85,63.05,8644
2014/5/27,63.05,63.2,62.95,63.1,8034
2014/5/28,63.15,63.8,63.15,63.7,11647
2014/5/29,63.7,63.7,63.4,63.4,9545
2014/5/30,63.4,63.45,63.1,63.1,6716
2014/6/3,63.15,63.45,62.8,63.15,5110
2014/6/4,63.4,63.55,63.3,63.4,3390
2014/6/5,63.3,63.4,63.1,63.4,1703
2014/6/6,63.65,63.75,63.4,63.55,3489
2014/6/9,63.6,63.85,63.6,63.8,3895
2014/6/10,63.85,64.3,63.85,64.2,6843
2014/6/11,64.2,64.25,64.05,64.15,5039
2014/6/12,64,64.1,63.9,64,4508
2014/6/13,63.9,63.9,63.7,63.85,3322
2014/6/16,63.85,64,63.6,63.9,2605
2014/6/17,63.9,64.45,63.85,64.35,3854
2014/6/18,64.4,64.8,64.3,64.5,9535
2014/6/19,64.65,65.05,64.55,64.95,9933
2014/6/20,64.95,65.1,64.7,64.75,3558
2014/6/23,64.8,65,64.6,64.7,13750
2014/6/24,64.85,65.05,64.7,64.8,7963
2014/6/25,64.65,64.8,64.6,64.65,7516
2014/6/26,64.75,65.4,64.75,65.35,9208
2014/6/27,65.35,65.35,64.5,65.35,9225
2014/6/30,65.3,66,65.2,65.95,7585
2014/7/1,65.95,66.75,65.85,66.55,9615
2014/7/2,66.8,67.55,66.65,67.1,11641
2014/7/3,67.1,67.8,66.9,67.7,8115
2014/7/4,67.8,67.9,67.35,67.7,7081
2014/7/7,67.5,67.7,67.3,67.6,5515
2014/7/8,67.8,67.9,67.6,67.75,5506
2014/7/9,67.65,67.85,67.5,67.85,3130
2014/7/10,67.8,68.45,67.8,68.35,5628
2014/7/11,68.35,68.7,68.15,68.3,7800
2014/7/14,68.25,68.8,68.25,68.7,3078
2014/7/15,68.95,69.05,68.75,68.95,3956
2014/7/16,68.95,69,68.1,68.35,5003
2014/7/17,67.95,68,67.3,67.5,8013
2014/7/18,67.05,67.6,67,67.5,6375
2014/7/21,67.75,67.95,67.5,67.5,5309
2014/7/22,67.7,68.2,67.5,68.1,4156
2014/7/24,68.3,68.4,68.1,68.4,3849
2014/7/25,68.4,68.4,67.45,67.65,5548
2014/7/28,67.45,67.8,67.3,67.5,2765
2014/7/29,67.75,67.95,67.2,67.45,7204
2014/7/30,67.45,67.95,67.45,67.85,2800
2014/7/31,67.85,67.85,66.6,66.75,11131
2014/8/1,65.95,66.3,65.9,66.25,12832
2014/8/4,66.2,66.7,66.1,66.6,3754
2014/8/5,66.4,66.4,65.1,65.25,19581
2014/8/6,65.3,65.75,65.05,65.7,6860
2014/8/7,65.75,65.9,65.4,65.7,6006
2014/8/8,65.45,65.7,65.05,65.7,14251
2014/8/11,66,66.15,65.75,66.05,8084
2014/8/12,66,66.3,65.85,66.1,4360
2014/8/13,66.15,66.75,66.05,66.75,5217
2014/8/14,67,67.25,66.95,67.1,5985
2014/8/15,67.1,67.25,66.75,67.1,3890
2014/8/18,67.1,67.1,66.6,66.9,2431
2014/8/19,67.3,67.75,67,67.75,6730
2014/8/20,67.7,68.05,67.7,68,8462
2014/8/21,68,68.1,67.8,67.9,3052
2014/8/22,68.1,68.95,68.1,68.75,7540
2014/8/25,68.75,68.9,68.6,68.65,2955
2014/8/26,68.6,68.8,68.55,68.6,1734
2014/8/27,68.95,69.4,68.95,69.25,7614
2014/8/28,69.25,69.45,69.2,69.35,3895
2014/8/29,69.05,69.3,68.85,69.2,2432
2014/9/1,69.25,69.95,69.25,69.8,5274
2014/9/2,69.7,69.7,68.6,68.75,17742
2014/9/3,68.9,69.45,68.85,69.25,6908
2014/9/4,69,69.15,68.8,69,5388
2014/9/5,69.3,69.3,68.65,69,7410
2014/9/9,69.4,69.5,69.25,69.25,7411
2014/9/10,68.95,68.95,68.05,68.65,17855
2014/9/11,68.7,68.7,68.4,68.4,8677
2014/9/12,68.4,68.4,67.6,67.75,19510
2014/9/15,67.15,67.75,67.15,67.75,13126
2014/9/16,67.65,67.65,67.15,67.2,18030
2014/9/17,67.5,68.2,67.45,67.7,16516
2014/9/18,67.7,68.05,67.6,67.85,16232
2014/9/19,68.2,68.25,67.85,68,12117
2014/9/22,67.35,67.35,66.55,66.95,27058
2014/9/23,66.9,67,66.65,66.8,14804
2014/9/24,66.55,66.8,66.3,66.55,25198
2014/9/25,66.7,66.85,65.7,65.95,23056
2014/9/26,65.5,65.85,65.25,65.6,23172
2014/9/29,65.65,65.7,65.2,65.4,17179
2014/9/30,65.3,65.65,64.65,65.3,20704
2014/10/1,65.05,65.65,64.85,65.5,17508
2014/10/2,65,65.75,64.9,65.5,11487
2014/10/3,65.8,66.7,65.6,66.7,16239
2014/10/6,66.65,66.7,66.15,66.65,6658
2014/10/7,66.25,66.25,65.7,66.1,11314
2014/10/8,65.8,66.05,65.7,65.7,8106
2014/10/9,66.1,66.45,65.7,66,15004
2014/10/13,64.15,64.55,63.8,64,19671
2014/10/14,64,64.6,64,64.55,12914
2014/10/15,64.45,64.8,63.95,64.1,14412
2014/10/16,63.65,64.35,63.25,64,24720
2014/10/17,64.25,64.4,63.35,63.35,15740
2014/10/20,64.25,64.6,63.9,64.6,10884
2014/10/21,64.4,64.55,64.2,64.3,7237
2014/10/22,65.1,65.45,65,65.3,9342
2014/10/23,65.3,65.3,65,65.05,7088
2014/10/24,63.85,63.85,62.8,63.05,22503
2014/10/27,63.4,63.45,63,63.25,8078
2014/10/28,64,64.35,64,64.35,11179
2014/10/29,64.6,65,64.5,65,9404
2014/10/30,64.85,64.95,64.55,64.8,9084
2014/10/31,65,65.3,64.7,65.3,16609
2014/11/3,65.3,65.9,65.3,65.6,10607
2014/11/4,65.75,66.05,65.55,65.65,11030
2014/11/5,65.8,65.85,65.35,65.5,10540
2014/11/6,65.55,65.7,64.95,65.1,21140
2014/11/7,65,65.25,64.7,65.2,10652
2014/11/10,65.4,66.3,65.25,66.15,16375
2014/11/11,66.25,66.35,65.95,65.95,15092
2014/11/12,65.75,65.85,64.9,65,18801
2014/11/13,65,65.65,65,65.65,10845
2014/11/14,65.3,65.8,65.3,65.7,11060
2014/11/17,66.05,66.1,64.8,65.1,17462
2014/11/18,65.3,65.6,64.8,64.9,9941
2014/11/19,65.15,66.1,65.15,65.85,18485
2014/11/20,66.05,66.7,66.05,66.6,20763
2014/11/21,66.6,66.8,66.45,66.65,11948
2014/11/24,66.9,67.2,66.75,66.8,13198
2014/11/25,66.65,67.05,66.45,66.85,13192
2014/11/26,66.75,66.9,66.65,66.85,8909
2014/11/27,67.15,67.85,67.15,67.5,16529
2014/11/28,67.55,67.7,67.35,67.5,9382
2014/12/1,66.3,67.45,66.15,66.8,21283
2014/12/2,66.35,66.5,65.65,65.8,19740
2014/12/3,65.8,67,65.7,66.85,11866
2014/12/4,67.25,67.45,67.1,67.1,11366
2014/12/5,67.1,67.1,66.75,66.85,4318
2014/12/8,67.05,67.05,66.35,66.35,7633
2014/12/9,66.25,66.3,66,66.2,4621
2014/12/10,65.95,66.15,65.15,65.3,12852
2014/12/11,65.05,65.35,64.7,65.25,6920
2014/12/12,65.25,65.5,65.15,65.3,4478
2014/12/15,64.75,65.1,64.5,65.1,10562
2014/12/16,64.8,65,64.55,64.55,12711
2014/12/17,64.55,64.55,63.4,63.55,19575
2014/12/18,63.95,64.1,63.65,63.7,8594
2014/12/19,64.7,65.3,64.6,65.2,17193
2014/12/22,65.35,66,65.3,66,7444
2014/12/23,66.15,66.3,65.75,65.8,5242
2014/12/24,65.9,66.4,65.85,66.3,6957
2014/12/25,66.35,66.4,66.15,66.3,4418
2014/12/26,66.35,66.5,66.2,66.45,21313
2014/12/27,66.75,66.75,66.45,66.6,3792
2014/12/29,66.6,67.3,66.55,67.2,11101
2014/12/30,67.15,67.45,66.85,66.85,8584
2014/12/31,66.8,67,66.6,66.85,7419
2015/1/5,66.4,66.75,66,66.55,6296
2015/1/6,65.75,65.75,64.75,64.9,19502
2015/1/7,64.7,65.25,64.7,65,6992
2015/1/8,65.5,66.6,65.5,66.5,13154
2015/1/9,66.9,66.95,66.05,66.15,5892
2015/1/12,65.8,66.15,65.65,65.75,9060
2015/1/13,65.6,66.4,65.4,65.95,6152
2015/1/14,66,66.05,65.4,65.6,7205
2015/1/15,65.65,65.95,65.35,65.8,3526
2015/1/16,66.25,66.4,65.35,65.5,9318
2015/1/19,66.3,66.75,66.05,66.25,17591
2015/1/20,66.5,66.9,66.35,66.75,10098
2015/1/21,67.2,67.3,67,67.25,17556
2015/1/22,67.5,67.9,67.45,67.6,16125
2015/1/23,68.25,68.7,68.25,68.7,35860
2015/1/26,68.55,68.85,68.45,68.7,20460
2015/1/27,69,69.25,68.8,69.15,36217
2015/1/28,68.8,69.2,68.8,69.15,35994
2015/1/29,69.05,69.05,68.15,68.3,19790
2015/1/30,68.6,68.6,68,68,4264
2015/2/2,68.2,68.35,67.9,68.15,5811
2015/2/3,68.35,68.85,68.1,68.65,16646
2015/2/4,69.2,69.5,69.05,69.4,20358
2015/2/5,69.05,69.25,68.8,69.1,4784
2015/2/6,69.1,69.2,68.65,68.75,4108
2015/2/9,68.75,68.75,68.25,68.5,3512
2015/2/10,68.45,68.5,68.2,68.25,8023
2015/2/11,68.7,69.25,68.7,69,7199
2015/2/12,69,69.2,68.8,69,9310
2015/2/13,69.35,69.65,69.35,69.45,7600
2015/2/24,69.95,70.45,69.95,70.25,14550
2015/2/25,70.7,70.9,70.55,70.8,23254
2015/2/26,70.55,70.65,70.05,70.3,8689
2015/3/2,70.3,70.55,69.75,70,6589
2015/3/3,70.05,70.1,69.5,69.9,5068
2015/3/4,69.55,70.05,69.5,69.95,6415
2015/3/5,69.95,70,69.35,69.7,3762
2015/3/6,69.55,69.9,69.3,69.8,3067
2015/3/9,69.45,69.5,68.9,69.1,7465
2015/3/10,69,69.05,68.6,68.95,6958
2015/3/11,68.35,69.15,68.3,69.05,10039
2015/3/12,68.85,69.65,68.8,69.65,5710
2015/3/13,69.65,69.75,69.45,69.45,4528
2015/3/16,69.35,69.35,68.85,68.9,6080
2015/3/17,69.2,69.75,69,69.15,7096
2015/3/18,69.2,70.15,69.2,69.9,18621
2015/3/19,70.5,70.9,70.25,70.65,12489
2015/3/20,70.65,70.65,70.4,70.55,4499
2015/3/23,70.55,70.9,70.45,70.75,7600
2015/3/24,70.55,70.85,70.35,70.5,4505
2015/3/25,70.5,70.6,70.1,70.25,4459
2015/3/26,69.4,69.7,69.15,69.4,9508
2015/3/27,69.4,69.4,68.65,68.75,10014
2015/3/30,68.75,68.9,68.55,68.8,10354
2015/3/31,69,69.25,68.8,69.05,7643
2015/4/1,68.7,68.85,68.5,68.65,8234
2015/4/2,68.9,69.75,68.9,69.5,7801
2015/4/7,69.55,69.7,69.35,69.6,3448
2015/4/8,69.6,69.6,68.85,69,5070
2015/4/9,69,69.85,68.95,69.1,6206
2015/4/10,69.7,69.8,69.45,69.65,4600
2015/4/13,69.9,69.95,69.65,69.85,4200
2015/4/14,69.85,69.85,69.5,69.5,4563
2015/4/15,69.25,69.5,68.4,68.65,17267
2015/4/16,68.95,69.7,68.9,69.7,15774
2015/4/17,69.55,69.55,68.9,69.05,9237
2015/4/20,68.7,69.15,68.55,68.95,9572
2015/4/21,69.05,69.3,68.85,68.95,2864
2015/4/22,69.3,69.8,69.25,69.65,11312
2015/4/23,70.2,71.5,70.15,71.5,24334
2015/4/24,71.7,72.85,71.7,72.2,26527
2015/4/27,73,73.3,72.6,72.75,13282
2015/4/28,72.85,73.1,72.35,72.6,16465
2015/4/29,72.5,72.7,71.6,71.8,10075
2015/4/30,71.6,71.8,71.15,71.45,6781
2015/5/4,71.45,71.65,70.85,71.6,5381
2015/5/5,71.4,71.4,70.9,71.2,6801
2015/5/6,70.8,71.4,70.5,71.3,6603
2015/5/7,70.8,70.8,70.15,70.45,10204
2015/5/8,70.45,70.65,70.45,70.5,5647
2015/5/11,71,71.2,70.3,70.85,11222
2015/5/12,70.6,70.85,70.55,70.7,9064
2015/5/13,70.7,71.2,70.7,71.1,6874
2015/5/14,70.85,70.95,70,70.1,16520
2015/5/15,70.3,70.35,69.7,70,11643
2015/5/18,70.05,70.3,70,70.25,3248
2015/5/19,70.4,71.45,70.4,71.3,8458
2015/5/20,71.25,71.25,70.8,70.8,7531
2015/5/21,70.15,70.2,69.75,70.15,11568
2015/5/22,70.2,70.95,70.2,70.7,6153
2015/5/25,70.45,70.95,70.3,70.7,2391
2015/5/26,71.2,71.6,70.8,71,7521
2015/5/27,70.85,71.3,70.7,71.15,5812
2015/5/28,71.75,71.9,71.25,71.5,5790
2015/5/29,71.7,71.7,71.05,71.1,4900
2015/6/1,71.1,71.15,70.25,70.5,7850
2015/6/2,70.45,70.5,70,70.4,4867
2015/6/3,70.3,70.4,69.9,69.95,6558
2015/6/4,69.8,69.9,68.35,68.6,28182
2015/6/5,68.5,68.6,68.2,68.45,15106
2015/6/8,68.3,69.05,68,68.9,9094
2015/6/9,68.5,68.6,68,68.35,18430
2015/6/10,68.55,68.9,68.45,68.65,8667
2015/6/11,68.8,68.9,68.4,68.85,7353
2015/6/12,68.9,69,68.45,68.8,3176
2015/6/15,68.8,69,68.5,68.65,3762
2015/6/16,68.65,68.65,68.05,68.2,8682
2015/6/17,68.2,68.75,68.2,68.5,5565
2015/6/18,68.45,68.55,68.2,68.4,10688
2015/6/22,68.75,69.4,68.75,69.35,11310
2015/6/23,69.55,69.85,69.35,69.55,5311
2015/6/24,69.6,69.7,69.4,69.65,6127
2015/6/25,70,70.65,70,70.45,13815
2015/6/26,70.45,70.45,70.15,70.45,4927
2015/6/29,69.35,69.6,68.75,68.8,11576
2015/6/30,68.8,69.4,68.8,69.4,4093
2015/7/1,69.4,70.3,69.25,70.05,6063
2015/7/2,70.2,70.25,69.85,70.1,4341
2015/7/3,70,70.2,69.25,70.1,7762
2015/7/6,69.55,70.05,69.2,69.3,7585
2015/7/7,69.65,70.1,69.45,69.6,4707
2015/7/8,69.2,69.2,67.45,67.5,37900
2015/7/9,66.8,67.35,66.1,67.1,33083
2015/7/13,68,68.1,67.2,68.1,15807
2015/7/14,68.3,68.7,68.05,68.1,9619
2015/7/15,68.3,68.65,68,68.25,8866
2015/7/16,68.6,68.95,68.2,68.6,6940
2015/7/17,68.35,68.65,68.3,68.5,3432
2015/7/20,69,69.2,67.8,68,7832
2015/7/21,68.35,68.65,68,68.65,3364
2015/7/22,68.2,68.3,67.7,67.8,14140
2015/7/23,67.5,67.85,66.85,67.15,20981
2015/7/24,67.05,67.25,66.5,66.75,19922
2015/7/27,66.4,66.55,65.55,65.8,28446
2015/7/28,65.75,66.3,65.5,65.85,17519
2015/7/29,65.9,65.9,65.1,65.4,18493
2015/7/30,65.6,66.55,65.55,66.5,7474
2015/7/31,66.5,66.55,65.8,66.15,11170
2015/8/3,65.9,65.9,64.9,65.25,15758
2015/8/4,65.5,66,65,65.3,12310
2015/8/5,65.55,66,65.3,65.7,9875
2015/8/6,66,66.05,64.55,65,23621
2015/8/7,64.5,65,64.2,64.7,6899
2015/8/10,64.6,64.75,64,64.55,10083
2015/8/11,65.3,65.8,64.4,64.55,17411
2015/8/12,64.25,64.45,63,63.45,24219
2015/8/13,63.45,63.9,63.35,63.55,16147
2015/8/14,63.45,63.75,63.15,63.3,8405
2015/8/17,63.3,63.3,62.7,62.9,13853
2015/8/18,63,63.3,62.45,62.55,9842
2015/8/19,62.4,62.5,61.3,61.6,17596
2015/8/20,61.25,61.85,60.95,61.4,19329
2015/8/21,60.6,60.75,59.8,59.8,28076
2015/8/24,59.1,59.1,55.4,57.5,61317
2015/8/25,57.5,60,57.5,60,43488
2015/8/26,59.3,60.5,58.65,60.35,17124
2015/8/27,60.6,60.65,60,60.15,18326
2015/8/28,61,61.9,61,61.8,18685
2015/8/31,61.3,62.35,61.2,62.3,18958
2015/9/1,61.9,62.6,61.5,61.75,12341
2015/9/2,61.1,62.3,60.95,62.1,18170
2015/9/3,62.35,62.4,61.6,62.15,7544
2015/9/4,62.15,62.55,61.35,61.35,15809
2015/9/7,61.3,62.3,61.1,61.25,10156
2015/9/8,61.5,61.65,61.1,61.45,9642
2015/9/9,62.65,64.15,62.65,64.15,24002
2015/9/10,63.8,63.8,63.15,63.45,10185
2015/9/11,63.3,63.7,63.05,63.5,7961
2015/9/14,63.9,64,63.25,63.65,4390
2015/9/15,63.75,63.85,63.05,63.15,5768
2015/9/16,63.65,64,63.4,63.9,7423
2015/9/17,64.5,65.15,64.5,65,12910
2015/9/18,65,65,64.55,64.85,3507
2015/9/21,64.05,64.1,63.2,63.45,9988
2015/9/22,63.55,63.95,63.55,63.8,4331
2015/9/23,63.2,63.2,62.2,62.35,10046
2015/9/24,62.55,62.85,61.9,62,7365
2015/9/25,62.15,62.35,61.6,62.25,5982
2015/9/30,61.45,62.6,61.45,62.4,8574
2015/10/1,62.6,63.7,62.2,63.6,11987
2015/10/2,63.35,63.6,63.1,63.25,7572
2015/10/5,63.8,64,63.25,63.4,5383
2015/10/6,64.15,64.7,63.85,63.9,8301
2015/10/7,63.9,64.85,63.9,64.85,8637
2015/10/8,65.1,65.3,64.6,64.7,12360
2015/10/12,65.05,65.9,65.05,65.55,17466
2015/10/13,65.6,65.65,65.15,65.3,7490
2015/10/14,65.3,65.3,64.95,65.05,7136
2015/10/15,65.65,66.35,65.65,66,14358
2015/10/16,65.95,66,65.6,65.75,8189
2015/10/19,66,66.2,65.7,65.95,7411
2015/10/20,66,66.1,65.8,65.95,4527
2015/10/21,66.1,66.15,65.4,65.5,11498
2015/10/22,65.3,65.6,65.25,65.5,8066
2015/10/23,66.2,66.5,65.85,65.9,20688
2015/10/26,64.5,64.85,64.45,64.55,12082
2015/10/27,64.5,64.55,63.95,64.2,5723
2015/10/28,64.2,64.25,63.6,63.75,5076
2015/10/29,64.1,64.3,63.1,63.3,8414
2015/10/30,63.3,63.45,62.8,63.2,5992
2015/11/2,63.1,63.4,62.6,63.3,4831
2015/11/3,63.8,64.4,63.8,64.3,9293
2015/11/4,64.75,65.6,64.7,65.55,16551
2015/11/5,65.65,65.65,65.25,65.4,5902
2015/11/6,65.4,65.4,63.65,64.1,11916
2015/11/9,64,64.35,63.6,63.65,5533
2015/11/10,63.3,63.4,62.85,62.9,8847
2015/11/11,62.9,63,61.95,62.15,16293
2015/11/12,62.2,62.4,61.85,62.25,14214
2015/11/13,61.8,62.45,61.55,61.6,20385
2015/11/16,61.2,61.3,60.6,61.15,13430
2015/11/17,62,62.6,62,62.35,8728
2015/11/18,62.35,62.35,61.2,61.4,14981
2015/11/19,61.95,62.3,61.55,62.3,10131
2015/11/20,62.35,62.5,62.05,62.3,5422
2015/11/23,62.6,62.75,62.15,62.6,3463
2015/11/24,62.5,62.65,61.85,61.95,6598
2015/11/25,61.85,62.1,61.5,61.95,5964
2015/11/26,62.3,62.95,62.3,62.8,8642
2015/11/27,62.9,62.9,61.8,61.95,6291
2015/11/30,60.9,61.2,60.45,61.2,23269
2015/12/1,61.7,62.45,61.45,62.4,8410
2015/12/2,62.45,62.75,62.15,62.3,6361
2015/12/3,61.9,62.55,61.7,62.4,6065
2015/12/4,61.95,61.95,61.4,61.75,15049
2015/12/7,62.2,63,62.2,62.5,14814
2015/12/8,62.25,62.3,61.2,61.5,9201
2015/12/9,61.2,61.35,60.7,60.75,16089
2015/12/10,60.4,60.75,59.75,60.55,16616
2015/12/11,60.55,60.7,59.8,59.85,13836
2015/12/14,59.25,59.65,59,59.4,9529
2015/12/15,59.7,60.05,59.35,59.45,6797
2015/12/16,60,60.4,59.7,60.35,6530
2015/12/17,60.55,61.05,60.35,61.05,7609
2015/12/18,60.85,61.25,60.5,60.75,4893
2015/12/21,60.05,60.75,59.9,60.65,4341
2015/12/22,60.7,60.9,60.4,60.8,5139
2015/12/23,60.95,61.3,60.8,60.9,7264
2015/12/24,61.35,61.65,61.2,61.2,8456
2015/12/25,61.2,61.6,61.2,61.6,6546
2015/12/28,61.7,61.7,61.4,61.45,3449
2015/12/29,61.4,61.4,60.8,61,3967
2015/12/30,61.15,61.15,60.45,60.55,7262
2015/12/31,60.55,60.95,60.5,60.75,3894
2016/1/4,60.8,60.95,59.05,59.55,16928
2016/1/5,59.5,59.75,58.85,59.05,21784
2016/1/6,59.05,59.05,57.9,58.45,28940
2016/1/7,58.3,58.3,56.7,57.35,39962
2016/1/8,57,57.7,56.85,57.45,25451
2016/1/11,56.9,56.95,56,56.55,24356
2016/1/12,56.8,57,56.3,56.5,17650
2016/1/13,57,57.5,56.75,57.15,11848
2016/1/14,56.5,56.7,55.85,56.7,15487
2016/1/15,57.1,57.5,56.25,56.7,20848
2016/1/18,55.9,57.3,55.8,57.1,13014
2016/1/19,57,57.25,56.65,57.25,8111
2016/1/20,56.85,56.85,55.6,55.9,22688
2016/1/21,56.1,56.3,55.6,55.8,10450
2016/1/22,56.35,56.6,56,56.55,13944
2016/1/25,57,57.8,57,57.55,12773
2016/1/26,57,57.15,56.7,57,7584
2016/1/27,57.4,57.45,56.95,57.25,9101
2016/1/28,57.15,57.75,57,57.55,10225
2016/1/29,57.5,59.1,57.25,59,20208
2016/1/30,59.45,59.7,59.2,59.55,13203
2016/2/1,59.5,59.6,59.1,59.55,7968
2016/2/2,59.45,59.55,59,59.35,4584
2016/2/3,59,59.25,58.6,58.95,6990
2016/2/15,58.3,59.1,58.1,59,7221
2016/2/16,59.1,60.35,59.1,60.25,17822
2016/2/17,60.4,60.5,59.95,59.95,12474
2016/2/18,60.8,61.15,60.5,60.9,16987
2016/2/19,60.8,61.05,60.6,60.85,11352
2016/2/22,60.85,61.6,60.55,60.8,11614
2016/2/23,61,61.15,60.7,60.85,4916
2016/2/24,60.8,61.3,60.2,60.3,7764
2016/2/25,60.6,61.35,60.5,61.1,16934
2016/2/26,61.35,61.7,60.9,61.25,14513
2016/3/1,61.25,61.95,61.1,61.85,17237
2016/3/2,62.35,62.75,62.25,62.35,22871
2016/3/3,62.35,63.3,62.35,62.95,32603
2016/3/4,62.9,63.3,62.75,63.1,24051
2016/3/7,63.2,63.7,62.9,63.1,21498
2016/3/8,63,63.1,62.5,63.05,13635
2016/3/9,63.05,63.15,62.65,63.1,8097
2016/3/10,63.05,63.4,62.85,63.25,21353
2016/3/11,63.2,63.75,63.05,63.55,22682
2016/3/14,64,64.25,63.95,64,25832
2016/3/15,64,64.1,63,63.05,18906
2016/3/16,63.35,63.75,63.35,63.6,36277
2016/3/17,64.55,64.9,64.05,64.3,20031
2016/3/18,64.4,64.85,64.3,64.7,31120
2016/3/21,64.9,65.05,64.2,64.6,6057
2016/3/22,64.35,64.55,63.85,64.4,8181
2016/3/23,64.4,64.85,64.25,64.35,11997
2016/3/24,64.25,64.5,63.7,64.35,8531
2016/3/25,64.5,64.5,63.95,64.05,3815
2016/3/28,64.05,64.4,63.8,64.1,7347
2016/3/29,64,64.3,63.5,63.65,10742
2016/3/30,64.05,64.9,64,64.7,29119
2016/3/31,65.1,65.4,64.45,64.65,16047
2016/4/1,64.25,64.35,63.6,63.9,4654
2016/4/6,63.3,63.3,62.35,62.4,8957
2016/4/7,62.5,62.5,61.6,62.15,20225
2016/4/8,61.8,62.8,61.8,62.75,6753
2016/4/11,62.5,63.1,62.15,63,5355
2016/4/12,63.05,63.5,62.75,62.95,2754
2016/4/13,63.25,64.2,63.25,64.05,11847
2016/4/14,64.4,64.6,64.1,64.25,8125
2016/4/15,63.8,64.3,63.55,64.25,11673
2016/4/18,64.05,64.2,63.85,63.85,2146
2016/4/19,64.3,64.65,63.5,63.6,5841
2016/4/20,63.5,64.1,62.55,62.65,8982
2016/4/21,62.9,63.15,62.55,62.95,3097
2016/4/22,62.95,63.4,62.8,63.2,2685
2016/4/25,63.2,63.35,62.9,63.25,2864
2016/4/26,63.1,63.9,63.1,63.5,4895
2016/4/27,63.2,63.6,63,63.4,2470
2016/4/28,63.5,63.55,62.15,62.4,10322
2016/4/29,61.85,62,61.35,61.6,7267
2016/5/3,61.6,61.6,60.7,60.75,9712
2016/5/4,60.75,60.85,59.8,60.1,14504
2016/5/5,60.1,60.25,59.65,60.2,14591
2016/5/6,60,60,59.45,59.7,22005
2016/5/9,59.9,60,59.4,59.7,14499
2016/5/10,59.7,60.2,59.4,60,13153
2016/5/11,60.2,60.3,59.55,59.85,19054
2016/5/12,59.7,60,59.65,59.8,13397
2016/5/13,59.55,59.55,59,59.15,29669
2016/5/16,59.15,59.7,59.1,59.6,6646
2016/5/17,59.65,60.1,59.25,60.05,12345
2016/5/18,59.7,60,59.25,59.95,8580
2016/5/19,60,60.05,59.3,59.65,8050
2016/5/20,59.85,60.3,59.6,60,8126
2016/5/23,60.1,62,59.85,62,21664
2016/5/24,61.75,61.85,61.35,61.35,6418
2016/5/25,61.75,62.25,61.75,62,25859
2016/5/26,62.05,62.15,61.8,62.15,26045
2016/5/27,62.4,62.65,62.2,62.6,25760
2016/5/30,62.6,63.35,62.5,63.15,26912
2016/5/31,63.05,63.35,62.8,63.15,8679
2016/6/1,62.95,63.85,62.95,63.7,25002
2016/6/2,63.7,64.05,63.4,63.7,13721
2016/6/3,63.6,64,63.6,63.85,11793
2016/6/4,63.75,64,63.7,63.95,3201
2016/6/6,64,64.6,63.65,64.05,12991
2016/6/7,64.3,64.95,64.3,64.9,30838
2016/6/8,65,65.55,65,65.25,26065
2016/6/13,64.3,64.45,63.7,63.75,9520
2016/6/14,63.5,64.2,63.5,64.15,6412
2016/6/15,64.15,64.4,63.6,64.25,22583
2016/6/16,64.1,64.1,63,63.35,8999
2016/6/17,63.85,64.4,63.85,64.05,5809
2016/6/20,64.5,64.65,64.35,64.5,10308
2016/6/21,64.5,64.95,64.45,64.75,18113
2016/6/22,64.75,64.95,64.55,64.95,10557
2016/6/23,64.8,64.85,64.55,64.8,32188
2016/6/24,64.75,64.9,62.05,63.1,31665
2016/6/27,63.2,63.75,63,63.75,4931
2016/6/28,63.1,64.05,63.05,64,5346
2016/6/29,64.15,65,64.15,64.7,9101
2016/6/30,65.15,65.45,64.65,65.45,25345
2016/7/1,65.85,66.4,65.65,66.25,30668
2016/7/4,66.1,66.75,66,66.3,9990
2016/7/5,66.2,66.25,65.85,66.1,5998
2016/7/6,65.6,65.6,64.7,64.9,8731
2016/7/7,65.45,65.75,65.35,65.7,6588
2016/7/11,66.7,67.25,66.7,67,22208
2016/7/12,67.15,67.6,67.15,67.6,15397
2016/7/13,67.85,67.9,67.1,67.65,9435
2016/7/14,67.5,67.85,67.3,67.7,10110
2016/7/15,67.8,68.5,67.8,68.5,15543
2016/7/18,68.45,69.15,68.45,69.15,36848
2016/7/19,69.2,69.3,68.8,69.25,17046
2016/7/20,69,69.3,68.8,69.2,24718
2016/7/21,69.45,69.9,69.35,69.55,9980
2016/7/22,69.55,69.7,69.2,69.3,3265
2016/7/25,69.5,69.95,68.35,69,11676
2016/7/26,69,69.4,68.85,69.4,13212
2016/7/27,69.65,69.95,69.5,69.7,11118
2016/7/28,69,69.25,68.6,69.05,11452
2016/7/29,68.85,69.2,68.55,68.55,19390
2016/8/1,68.8,69.45,68.8,69.3,10407
2016/8/2,69.25,69.4,69.1,69.3,7117
2016/8/3,68.5,68.9,68.05,68.75,13801
2016/8/4,68.85,68.95,68.35,68.9,10675
2016/8/5,69.1,69.75,68.9,69.6,12423
2016/8/8,70,70.25,69.7,70.05,7903
2016/8/9,70,70.45,69.95,70.4,11568
2016/8/10,70.3,70.6,70.05,70.6,6498
2016/8/11,70.2,70.55,69.45,69.95,10903
2016/8/12,70.15,70.5,70.05,70.2,5259
2016/8/15,70.2,70.5,69.9,70.35,4797
2016/8/16,70.3,70.5,69.7,69.95,4432
2016/8/17,69.9,70.1,69.75,70.05,8925
2016/8/18,70,70.15,69.8,69.9,3275
2016/8/19,69.9,70.45,69.2,69.2,8300
2016/8/22,69,69.15,68.45,68.7,7083
2016/8/23,68.9,69.6,68.9,69.4,7084
2016/8/24,69.35,69.55,69.2,69.2,5071
2016/8/25,69.3,70.15,69.3,70,8023
2016/8/26,69.95,70.3,69.8,70.1,2992
2016/8/29,69.9,70.15,69.2,70.05,3555
2016/8/30,70,70.25,69.8,70,3791
2016/8/31,69.85,70.05,69.3,69.4,5206
2016/9/1,69.3,69.3,68.6,69.05,5965
2016/9/2,69.1,69.3,68.8,69.15,2615
2016/9/5,69.8,70.3,69.8,70.3,8523
2016/9/6,70.25,70.9,70.25,70.85,7343
2016/9/7,70.95,71.9,70.95,71.85,9687
2016/9/8,71.8,71.8,71.4,71.6,4674
2016/9/9,70.9,70.9,70.35,70.4,5230
2016/9/10,69.15,69.6,69,69.4,8826
2016/9/12,69.35,69.35,68.7,68.85,7236
2016/9/13,69.1,69.2,68.2,68.85,7123
2016/9/14,68.5,69.05,68.45,68.45,5624
2016/9/19,69.4,71,69.4,71,9888
2016/9/20,70.9,71,70.6,70.9,2795
2016/9/21,70.75,71.35,70.55,71.25,12156
2016/9/22,71.9,72,71.25,71.4,4929
2016/9/23,71.5,71.9,71.4,71.9,4216
2016/9/26,71.5,71.5,71,71,3737
2016/9/29,71.85,72.15,71.4,71.9,9624
2016/9/30,71.15,71.35,70.8,70.95,5844
2016/10/3,71.2,71.6,71.1,71.45,3888
2016/10/4,71.45,71.75,71.3,71.75,5170
2016/10/5,71.6,71.85,71.45,71.5,2838
2016/10/6,71.7,71.75,71.45,71.7,2072
2016/10/7,71.6,71.8,71.6,71.65,3053
2016/10/11,72.35,72.45,71.2,71.45,6946
2016/10/12,71.5,72.3,71.35,72.25,6057
2016/10/13,72.2,72.3,71.45,71.7,5455
2016/10/14,71.3,71.9,71.3,71.45,3633
2016/10/17,71.45,71.6,70.6,71.45,4422
2016/10/18,71.5,71.95,71.3,71.95,3620
2016/10/19,72,72.6,72,72.35,21575
2016/10/20,72.35,72.75,72.35,72.65,4836
2016/10/21,72.65,73.05,72.55,72.6,4235
2016/10/24,72.85,72.95,72.6,72.7,3265
2016/10/25,72.85,73.5,72.85,73.4,3716
2016/10/26,73,73.15,72.9,73,2868
2016/10/27,73,73.15,72.4,72.6,3170
2016/10/28,72.6,72.75,72.45,72.6,4275
2016/10/31,72.25,72.7,71.7,72.6,5464
2016/11/1,72.25,72.6,72.1,72.6,2024
2016/11/2,71.95,72,71.6,71.75,5502
2016/11/3,71.45,71.6,71.1,71.2,4555
2016/11/4,71,71.2,70.85,71,4346
2016/11/7,71.8,72,71.45,72,3235
2016/11/8,72.15,72.4,72,72.35,2694
2016/11/9,72.85,73.05,70,70,19937
2016/11/10,71.8,72.1,71.75,72,6700
2016/11/11,70.35,70.7,69.95,70.05,8376
2016/11/14,69.95,70.3,69.45,70.1,7117
2016/11/15,69.8,70.1,69.75,69.9,4016
2016/11/16,70.2,70.5,69.95,70,24750
2016/11/17,70,70.2,69.75,70.2,3313
2016/11/18,70.1,70.4,69.9,70.4,2120
2016/11/21,70.3,70.5,70.1,70.5,2650
2016/11/22,70.75,71.65,70.75,71.45,5294
2016/11/23,71.5,71.9,71.45,71.8,1908
2016/11/24,71.6,71.6,71.2,71.4,2303
2016/11/25,71.35,71.65,71.25,71.35,2649
2016/11/28,71.35,72,71.35,71.75,2646
2016/11/29,71.9,72,71.65,71.65,1418
2016/11/30,71.7,71.9,71.5,71.7,1918
2016/12/1,71.6,72.1,71.6,72,1956
2016/12/2,71.2,71.2,70.9,71.2,3308
2016/12/5,71.2,71.2,70.8,71.1,1388
2016/12/6,71.8,72.2,71.75,72,2436
2016/12/7,72.2,72.35,71.9,72,1467
2016/12/8,72.3,73,72.3,72.9,6086
2016/12/9,73.05,73.2,72.95,73.15,5418
2016/12/12,73.3,73.55,72.75,72.85,3209
2016/12/13,72.85,73,72.65,72.95,2549
2016/12/14,73.2,73.3,72.9,73.1,2828
2016/12/15,72.55,73,72.4,73,3018
2016/12/16,72.8,72.8,72.3,72.3,2148
2016/12/19,72.25,72.3,71.85,71.85,2681
2016/12/20,71.95,71.95,71.55,71.75,2030
2016/12/21,71.75,71.85,71.5,71.7,9321
2016/12/22,71.55,71.55,70.8,70.8,4972
2016/12/23,70.6,70.85,70.35,70.55,5126
2016/12/26,70.65,70.8,70.55,70.8,2105
2016/12/27,70.8,70.9,70.65,70.75,2494
2016/12/28,70.85,71.6,70.85,71.6,3686
2016/12/29,71.45,71.45,71.2,71.25,1911
2016/12/30,71.65,72,71.55,71.8,2726
2017/1/3,71.7,71.9,71.5,71.9,2331
2017/1/4,72,72.1,71.75,71.85,4284
2017/1/5,71.85,72.5,71.8,72.5,4574
2017/1/6,72.45,72.75,72.45,72.65,3753
2017/1/9,72.75,72.95,72.3,72.45,5038
2017/1/10,72.45,72.6,72.4,72.4,1858
2017/1/11,72.8,72.85,72.4,72.4,1898
2017/1/12,72.6,73.3,72.6,73.15,4857
2017/1/13,72.8,72.8,72.6,72.6,3910
2017/1/16,72.4,72.4,71.8,72,2418
2017/1/17,72,72.4,72,72.3,1573
2017/1/18,72.2,72.2,72.05,72.15,3838
2017/1/19,71.85,72.1,71.6,71.95,4066
2017/1/20,71.95,72.25,71.95,72.15,2422
2017/1/23,72.55,73,72.55,72.75,5965
2017/1/24,73,73.3,72.9,73.3,4575
2017/2/2,73.5,73.65,72.75,72.9,6999
2017/2/3,72.95,73.15,72.65,72.85,2809
2017/2/6,73,73.4,72.95,73.25,2947
2017/2/7,73.1,73.45,73.1,73.3,4305
2017/2/8,71.9,71.9,71.35,71.75,4434
2017/2/9,71.75,72.2,71.65,72,3548
2017/2/10,72.1,72.95,72.1,72.8,4870
2017/2/13,72.8,73.1,72.8,72.95,3330
2017/2/14,73.4,73.5,73.1,73.2,6072
2017/2/15,73.3,73.9,73.2,73.9,9407
2017/2/16,74,74.2,73.35,73.45,5467
2017/2/17,73.65,73.7,73.35,73.35,5193
2017/2/18,73.3,73.55,73.2,73.5,3228
2017/2/20,73.55,73.65,73.1,73.1,2803
2017/2/21,73.2,73.4,73.05,73.25,3337
2017/2/22,73.6,73.7,73.15,73.3,2938
2017/2/23,73.25,73.55,73.1,73.1,2332
2017/2/24,73.05,73.3,72.85,73.15,1845
2017/3/1,73.1,73.1,72.35,72.35,3107
2017/3/2,72.95,73.25,72.25,72.55,7058
2017/3/3,72.3,72.35,72,72.1,4410
2017/3/6,72.05,72.25,72,72.15,2177
2017/3/7,72.25,72.6,72.25,72.45,2027
2017/3/8,72.65,72.85,72.45,72.85,2182
2017/3/9,72.6,72.6,71.95,72.05,3381
2017/3/10,71.95,72.05,71.55,72,5423
2017/3/13,72.15,72.5,72.15,72.5,2515
2017/3/14,72.6,73.1,72.6,73,3948
2017/3/15,72.8,73,72.6,72.85,3490
2017/3/16,73.3,73.85,73.3,73.8,7545
2017/3/17,73.85,74.1,73.75,74,5266
2017/3/20,73.95,74.15,73.85,73.95,5073
2017/3/21,74.3,74.9,74.3,74.9,8511
2017/3/22,74.25,74.25,74,74.2,4940
2017/3/23,74.6,74.65,74.15,74.35,4106
2017/3/24,74.35,74.4,74.1,74.25,3308
2017/3/27,74,74.4,73.85,74.2,2474
2017/3/28,74.55,74.6,73.95,74.25,5566
2017/3/29,74.45,74.5,74,74,2464
2017/3/30,74,74.25,73.9,73.9,2181
2017/3/31,73.95,74.1,73.7,73.7,2009
2017/4/5,73.95,74.8,73.95,74.65,3594
2017/4/6,74.8,74.8,74.3,74.4,2811
2017/4/7,74.3,74.3,73.4,74.1,1889
2017/4/10,74.1,74.25,74,74.2,1061
2017/4/11,74.1,74.4,73.75,73.9,1267
2017/4/12,73.9,74.1,73.65,74.05,1940
2017/4/13,73.9,74.45,73.9,74.4,6005
2017/4/14,73.9,73.9,73.5,73.55,2674
2017/4/17,73.55,73.8,73.35,73.6,5339
2017/4/18,73.85,74,73.5,73.6,4100
2017/4/19,73.1,73.25,72.65,72.8,9185
2017/4/20,72.55,72.9,72.5,72.8,3142
2017/4/21,73.25,73.5,73.1,73.5,3247
2017/4/24,73.9,73.95,73.45,73.65,4309
2017/4/25,73.85,74.4,73.7,74.35,5698
2017/4/26,74.7,74.7,74.4,74.55,4118
2017/4/27,74.35,74.5,74.15,74.5,3685
2017/4/28,74.5,74.6,74.3,74.55,4423
2017/5/2,75,75.4,75,75.2,15728
2017/5/3,75.3,75.65,75.3,75.55,4712
2017/5/4,75.55,75.65,75.35,75.65,3997
2017/5/5,75.45,75.45,75.1,75.15,5288
2017/5/8,75.55,75.7,75.25,75.7,4083
2017/5/9,75.7,76.5,75.7,75.95,4190
2017/5/10,76.15,76.35,76,76.25,1763
2017/5/11,76.1,76.5,76,76.5,2018
2017/5/12,76.25,76.5,76.15,76.3,2811
2017/5/15,76.3,76.55,76.2,76.5,1286
2017/5/16,76.5,76.6,76.25,76.5,1598
2017/5/17,76.3,76.4,76.05,76.3,1332
2017/5/18,75.65,75.9,75.3,75.9,4272
2017/5/19,75.65,75.9,75.65,75.85,1163
2017/5/22,75.95,76.15,75.75,76.05,2576
2017/5/23,76.05,76.45,76,76.35,3844
2017/5/24,76.35,76.45,76.25,76.3,2886
2017/5/25,76.7,77,76.45,77,4682
2017/5/26,77,77.15,76.75,76.95,4018
2017/5/31,76.95,77.5,76.4,76.5,2701
2017/6/1,76.5,76.9,76.5,76.9,2222
2017/6/2,77.3,77.3,77.05,77.2,3541
2017/6/3,77.25,77.4,77.25,77.4,2052
2017/6/5,77.35,78,77.25,78,3282
2017/6/6,77.95,77.95,77.7,77.95,1203
2017/6/7,77.9,78.1,77.7,77.95,1845
2017/6/8,77.95,78.25,77.8,78.25,1887
2017/6/9,78.05,78.35,77.95,78,3010
2017/6/12,77.15,77.5,77.05,77.15,3301
2017/6/13,77.15,77.3,77,77.25,1616
2017/6/14,77.4,77.4,76.5,76.85,3381
2017/6/15,76.8,76.9,76.6,76.9,1507
2017/6/16,76.9,77.7,76.85,77.7,4233
2017/6/19,77.7,78.55,77.7,78.55,5145
2017/6/20,78.6,79.65,78.6,79.45,4047
2017/6/21,79.2,79.9,78.85,79.55,13613
2017/6/22,79.6,79.85,79.55,79.75,6113
2017/6/23,79.75,80.05,79.65,79.7,8517
2017/6/26,79.8,81.5,79.8,81.4,14254
2017/6/27,81.4,81.5,81,81.3,3026
2017/6/28,80.9,81.05,80.3,80.55,6287
2017/6/29,81,81.05,80.5,80.65,1427
2017/6/30,80.1,80.4,79.8,80.4,3071
2017/7/3,80.4,80.6,80.2,80.45,1551
2017/7/4,80.45,80.6,80,80,1237
2017/7/5,80.1,80.75,79.75,80.75,2274
2017/7/6,80.75,80.75,80.2,80.4,2492
2017/7/7,80.25,80.25,79.8,79.95,3570
2017/7/10,80,80.45,80,80.35,3550
2017/7/11,80.7,81.55,80.55,81.55,4139
2017/7/12,81.5,81.8,81.3,81.55,3948
2017/7/13,81.95,82.4,81.75,82.2,3993
2017/7/14,82,82.15,81.8,82.05,2282
2017/7/17,82.5,82.55,82,82.2,2688
2017/7/18,82.2,82.4,81.85,82.4,3278
2017/7/19,82.35,83,82.35,82.7,7268
2017/7/20,82.85,82.9,82.55,82.65,2021
2017/7/21,82.6,82.6,82.05,82.1,4466
2017/7/24,81.95,82.3,81.75,82.3,2364
2017/7/25,82.3,82.5,82.1,82.45,2127
2017/7/26,82.55,82.75,82.05,82.15,2357
2017/7/27,82.2,83,82.2,83,2214
2017/7/28,82.4,82.45,81.95,82.1,4402
2017/7/31,81.45,81.5,81.05,81.35,2807
2017/8/1,82.15,82.15,81.55,81.8,2642
2017/8/2,82,82.65,82,82.5,5045
2017/8/3,81.85,82.35,81.7,82.2,4029
2017/8/4,82.15,82.35,82.05,82.35,1144
2017/8/7,82.45,83,82.45,82.95,4109
2017/8/8,83.05,83.25,82.55,82.9,2986
2017/8/9,82.55,82.6,82.05,82.15,3122
2017/8/10,82.35,82.45,81.35,81.6,3169
2017/8/11,80.85,81.35,80.75,81.25,2747
2017/8/14,81.45,81.6,80.75,80.75,2245
2017/8/15,81.3,81.5,80.95,81.3,2709
2017/8/16,81.15,81.25,80.6,81,6283
2017/8/17,81.25,81.7,81.15,81.65,1969
2017/8/18,81,81.15,80.65,81.15,2316
2017/8/21,81.05,81.2,80.75,81.05,2050
2017/8/22,81.45,81.9,81.45,81.85,3987
2017/8/23,82,82.25,81.75,81.75,5505
2017/8/24,81.85,82.55,81.85,82.55,3488
2017/8/25,82.65,82.75,82.4,82.7,2615
2017/8/28,82.7,82.8,82.4,82.55,2773
2017/8/29,82.25,82.4,81.95,82.3,1229
2017/8/30,82.65,82.9,82.6,82.7,4120
2017/8/31,83.15,83.15,82.7,82.95,3284
2017/9/1,82.95,83.2,82.65,83,4429
2017/9/4,82.9,83.05,82.7,82.85,2596
2017/9/5,82.9,83,82.65,82.95,2564
2017/9/6,82.7,82.9,82.35,82.6,2891
2017/9/7,82.8,82.85,82.2,82.25,1369
2017/9/8,82.4,82.9,82.4,82.7,2842
2017/9/11,83.25,83.35,82.5,82.55,1628
2017/9/12,82.95,83.05,82.65,82.85,1394
2017/9/13,82.9,83,82.25,82.3,2175
2017/9/14,82.3,82.55,82.15,82.35,1750
2017/9/15,82.35,82.5,82.1,82.35,1821
2017/9/18,82.85,83.15,82.6,83.15,2693
2017/9/19,83.2,83.3,82.65,82.75,1456
2017/9/20,82.5,82.65,82.1,82.2,9964
2017/9/21,82.05,82.8,81.95,82.7,1830
2017/9/22,82.6,82.6,81.55,81.6,5606
2017/9/25,81.55,81.55,80.75,80.95,7071
2017/9/26,80.8,81.05,80.3,80.3,11752
2017/9/27,80.6,80.9,80.55,80.7,6243
2017/9/28,80.75,80.8,80.3,80.4,6899
2017/9/29,80.45,80.65,80.3,80.65,3444
2017/9/30,81,81.2,80.85,81.2,1585
2017/10/2,81.25,81.6,81.25,81.5,3261
2017/10/3,81.55,81.7,81.3,81.5,1578
2017/10/5,81.5,82.1,81.5,81.85,6407
2017/10/6,82.1,82.2,81.95,82.1,4127
2017/10/11,82.45,83.4,82.45,83.4,15975
2017/10/12,83.55,84.2,83.55,84.2,8770
2017/10/13,83.95,84.05,83.75,84.05,3596
2017/10/16,84.05,84.5,84.05,84.5,4046
2017/10/17,84.55,84.7,84.3,84.3,3234
2017/10/18,84.8,85,84.3,84.6,4473
2017/10/19,84.7,85.2,84.7,84.9,2447
2017/10/20,84.4,84.85,84.4,84.55,1726
2017/10/23,84.7,84.95,84.45,84.5,1772
2017/10/24,84.5,84.5,84.2,84.4,1072
2017/10/25,84.3,84.6,84.2,84.35,2417
2017/10/26,84.15,84.4,84,84.25,3226
2017/10/27,84.3,84.75,84.2,84.3,2141
2017/10/30,85.1,85.35,84.8,84.95,3358
2017/10/31,85,85.35,84.8,85.2,2131
2017/11/1,85.35,85.4,84.95,85.1,1314
2017/11/2,84.95,85.05,84.7,84.8,1563
2017/11/3,84.95,85.05,84.6,84.7,1456
2017/11/6,85.2,85.3,84.6,84.85,1573
2017/11/7,85,85.3,84.85,85.3,2211
2017/11/8,85.2,85.2,84.95,84.95,810
2017/11/9,84.95,85.05,84.4,84.4,1258
2017/11/10,84.3,84.55,83.95,84.55,923
2017/11/13,84.25,84.4,84.2,84.3,979
2017/11/14,84.3,84.3,83.95,84.15,1016
2017/11/15,83.8,83.85,83.15,83.3,6270
2017/11/16,83.3,83.75,83.2,83.6,2177
2017/11/17,84.3,84.45,84.15,84.35,7196
2017/11/20,84.4,84.45,83.9,84,2301
2017/11/21,83.9,84.8,83.9,84.75,4470
2017/11/22,85.15,85.6,84.9,85.15,4914
2017/11/23,85.15,85.35,84.95,85.2,1552
2017/11/24,85.25,85.3,84.95,85.15,1069
2017/11/27,85.15,85.15,84.1,84.15,2127
2017/11/28,83.95,84,83.5,83.6,2007
2017/11/29,83.65,83.95,83.55,83.7,1382
2017/11/30,83,83,82.25,82.25,8038
2017/12/1,82.15,82.9,81.65,82.6,5620
2017/12/4,82.65,82.95,82.35,82.9,1504
2017/12/5,82.55,82.65,82.2,82.25,1880
2017/12/6,82.1,82.1,80.85,80.85,13235
2017/12/7,81.2,81.25,80.45,80.9,7309
2017/12/8,81.5,81.5,80.65,80.9,6280
2017/12/11,81.2,81.65,81.2,81.5,2739
2017/12/12,81.4,81.5,80.55,80.95,3941
2017/12/13,81.1,81.2,80.9,81,1677
2017/12/14,81.55,82,81.35,81.75,2246
2017/12/15,81.65,81.65,80.65,81.1,4077
2017/12/18,81.2,81.25,80.85,81.2,3843
2017/12/19,81.2,81.4,80.7,80.8,4095
2017/12/20,80.8,81.1,80.75,81.05,4652
2017/12/21,81.1,81.35,81,81,1241
2017/12/22,80.8,81.35,80.7,81.3,1645
2017/12/25,81.3,81.55,81.3,81.45,1003
2017/12/26,81.45,81.45,80.5,80.65,2578
2017/12/27,80.6,80.9,80.55,80.9,3600
2017/12/28,81.25,81.75,81.25,81.7,3095
2017/12/29,81.75,82.2,81.75,82.15,4690
2018/1/2,82.15,82.6,82.15,82.6,3613
2018/1/3,82.95,83.45,82.95,83.35,7196
2018/1/4,83.5,83.65,83.2,83.5,5628
2018/1/5,83.5,83.8,83.3,83.75,7617
2018/1/8,83.8,84.15,83.7,84.1,5190
2018/1/9,84.1,84.25,83.9,84.15,3665
2018/1/10,84.1,84.25,83.55,83.75,5750
2018/1/11,83.65,83.7,83.1,83.4,2579
2018/1/12,83.55,84.2,83.5,84.1,2871
2018/1/15,84.55,84.7,84.4,84.65,2820
2018/1/16,84.65,85,84.5,85,3956
2018/1/17,84.65,85.45,84.65,85.15,5698
2018/1/18,85.5,86.55,85.5,86.3,6899
2018/1/19,86.35,87.15,86.35,87.15,5302
2018/1/22,87.15,87.95,87.15,87.95,4441
2018/1/23,88.05,88.4,87.9,88.3,5800
2018/1/24,88,88,86.85,87.2,5103
2018/1/25,87.25,88.3,87.15,87.45,4984
2018/1/26,87.45,87.6,86.85,87.5,7775
2018/1/29,85.5,86.15,85.2,85.55,6446
2018/1/30,85.2,85.35,84.5,84.55,4966
2018/1/31,84.4,85,84.15,84.65,4252
2018/2/1,84.75,85.5,84.75,85.25,2915
2018/2/2,84.85,85.15,84.35,84.9,3082
2018/2/5,83.2,83.75,82.9,83.6,7076
2018/2/6,80.85,81.1,78.8,79.65,32223
2018/2/7,81.35,81.4,80.6,80.65,10182
2018/2/8,80.65,80.95,80.3,80.6,4515
2018/2/9,78.6,79.2,78,79.05,16211
2018/2/12,79.55,79.9,79.4,79.7,8444
2018/2/21,81.4,81.7,81.1,81.5,11646
2018/2/22,81.5,81.5,80.75,81,3750
2018/2/23,81.4,82.1,81.4,82,3779
2018/2/26,82.55,82.8,82.35,82.4,3289
2018/2/27,83.1,83.2,82.35,82.35,7664
2018/3/1,81.55,81.95,81.15,81.75,4344
2018/3/2,80.85,81.2,80.45,81.15,6262
2018/3/5,81.1,81.5,80.65,80.75,3724
2018/3/6,81.65,82.15,81.6,82.15,5732
2018/3/7,81.75,82.45,81.7,81.8,2619
2018/3/8,82.15,82.8,82.15,82.75,3233
2018/3/9,82.9,83,82.7,82.85,2832
2018/3/12,83.6,84.25,83.55,84.15,8752
2018/3/13,84.35,84.95,84.3,84.95,9837
2018/3/14,84.35,84.45,84,84.3,3416
2018/3/15,84,84.3,83.9,84.25,3507
2018/3/16,84,84.2,83.1,83.9,5511
2018/3/19,83.65,84.1,83.45,83.85,2036
2018/3/20,83.2,83.8,83.2,83.8,2895
2018/3/21,83.8,84.1,83.6,83.85,4892
2018/3/22,84,84.6,83.45,83.55,3430
2018/3/23,81.85,82.4,81.8,82.1,8260
2018/3/26,81.85,82.2,81.6,82.2,4369
2018/3/27,83,83.4,82.95,83.4,3278
2018/3/28,82.9,82.9,82.2,82.25,4161
2018/3/29,82.25,82.35,81.8,82.1,4100
2018/3/30,82.65,83.05,82.65,82.85,4994
2018/3/31,82.85,83.05,82.75,82.95,878
2018/4/2,82.85,82.95,82.15,82.25,3737
2018/4/3,81.5,81.55,81.2,81.5,6188
2018/4/9,82.15,82.3,81.6,82.2,3401
2018/4/10,82.1,82.85,81.75,82.5,3860
2018/4/11,82.9,83.1,82.75,82.85,2604
2018/4/12,83.05,83.15,82.25,82.5,3592
2018/4/13,82.7,82.8,82.3,82.5,2983
2018/4/16,82.65,82.65,82,82.3,1809
2018/4/17,82.4,82.4,81.35,81.4,4325
2018/4/18,81.6,82.1,81.35,81.6,3740
2018/4/19,81.9,82.65,81.9,82.65,4461
2018/4/20,81,81.1,80.5,80.75,9018
2018/4/23,80.25,80.45,79.9,79.95,10625
2018/4/24,79.9,79.95,79.05,79.55,16868
2018/4/25,79.25,79.3,78.8,79.3,16461
2018/4/26,79.7,79.7,78.8,79.05,16486
2018/4/27,79.6,79.65,78.8,79.2,12396
2018/4/30,79.65,80.15,79.05,80,6517
2018/5/2,80.05,80.15,79.4,79.4,5513
2018/5/3,79.05,79.05,78.35,78.55,8823
2018/5/4,78.55,79,78.4,78.95,3475
2018/5/7,79.5,79.55,78.8,79.5,3858
2018/5/8,79.4,80.05,79.35,80,5352
2018/5/9,80,80.55,80,80.45,3359
2018/5/10,80.7,80.7,80.45,80.65,5977
2018/5/11,81.1,81.7,81.05,81.6,17654
2018/5/14,82,82.6,81.9,82.5,17198
2018/5/15,82.35,82.4,81.65,81.65,7222
2018/5/16,81.45,81.8,81.4,81.75,8294
2018/5/17,81.95,82,81.2,81.2,1941
2018/5/18,81.2,81.5,80.85,80.95,2361
2018/5/21,81.2,82.1,81.2,82.05,3890
2018/5/22,81.8,82.3,81.75,81.75,1837
2018/5/23,81.9,82,81.3,81.35,2124
2018/5/24,81.35,81.7,81.25,81.55,1135
2018/5/25,81.55,82.05,81.4,81.85,3116
2018/5/28,82.05,82.25,82,82.2,2940
2018/5/29,82.2,82.2,81.5,81.85,1389
2018/5/30,81.4,81.4,80.3,80.4,6178
2018/5/31,80.8,80.95,80.55,80.75,1606
2018/6/1,80.8,81.45,80.8,81.35,1849
2018/6/4,81.8,82.6,81.8,82.6,7081
2018/6/5,82.7,82.7,82.25,82.5,2696
2018/6/6,82.65,83.35,82.65,83.3,6398
2018/6/7,83.5,83.6,83,83.45,6704
2018/6/8,83.3,83.3,82.5,82.55,3470
2018/6/11,82.8,82.95,82.4,82.65,3264
2018/6/12,82.25,82.5,81.95,82.5,2243
2018/6/13,82.45,83.1,82.35,83,4668
2018/6/14,82.5,82.55,81.75,81.75,3564
2018/6/15,81.6,81.95,81.2,81.95,3862
2018/6/19,81.1,81.2,80.6,80.6,4994
2018/6/20,80.65,81.7,80.3,81.5,7867
2018/6/21,81.5,81.6,81.2,81.25,2135
2018/6/22,80.8,81.2,80.35,81.15,6482
2018/6/25,80.85,81.05,80.7,80.9,7993
2018/6/26,80.7,80.7,80,80.7,16434
2018/6/27,80.75,80.9,80.3,80.4,8308
2018/6/28,80.05,80.4,79.8,80.05,12064
2018/6/29,80.3,81.55,80.2,81.45,6584
2018/7/2,81.5,81.9,81,81.05,4176
2018/7/3,81.3,81.95,80.6,81.15,5024
2018/7/4,81.15,81.6,81.1,81.4,1746
2018/7/5,81.45,81.45,80.6,80.75,3119
2018/7/6,81.1,81.15,80.2,80.95,5351
2018/7/9,81.75,82.45,81.55,82.25,9041
2018/7/10,82.65,82.8,82.35,82.45,4914
2018/7/11,81.7,81.9,81.3,81.7,3899
2018/7/12,81.6,82.65,81.5,82.65,6883
2018/7/13,83,83.4,82.8,83.35,13662
2018/7/16,83.3,83.45,83,83,5332
2018/7/17,82.85,82.85,82.4,82.55,2993
2018/7/18,83.15,83.5,82.95,83.05,13174
2018/7/19,83.1,83.8,83.05,83.3,13218
2018/7/20,84,84.7,84,84.65,18403
2018/7/23,84.3,84.75,83.85,84.55,8504
2018/7/24,84.45,84.7,84.15,84.7,5117
2018/7/25,84.05,84.85,84.05,84.75,6352
2018/7/26,84.75,85.25,84.75,85,8471
2018/7/27,85.1,85.75,85.1,85.7,5947
2018/7/30,85.65,85.9,85.4,85.55,3230
2018/7/31,85.35,85.7,85.05,85.55,2740
2018/8/1,85.8,86.2,85.8,86.15,4013
2018/8/2,86.1,86.15,84.85,84.85,4775
2018/8/3,85.4,85.7,85.35,85.55,1225
2018/8/6,85.55,86.1,85.35,85.7,2425
2018/8/7,85.7,85.8,85.4,85.5,1199
2018/8/8,85.8,86.4,85.8,86.15,4075
2018/8/9,86.1,86.25,85.7,86.15,1632
2018/8/10,85.7,86.15,85.65,85.7,1280
2018/8/13,85.05,85.05,83.65,83.95,7285
2018/8/14,84.4,84.6,84.05,84.55,2243
2018/8/15,84.5,84.5,83.45,83.75,4280
2018/8/16,83.25,84.1,83.05,83.8,4533
2018/8/17,83.95,84.15,83.6,83.65,4640
2018/8/20,83.9,84.1,83.7,83.95,3148
2018/8/21,83.9,84.65,83.9,84.55,5023
2018/8/22,84.7,84.85,84.35,84.65,3546
2018/8/23,84.8,85.2,84.6,85.05,3869
2018/8/24,85,85.1,84.45,84.8,2549
2018/8/27,85,85.55,85,85.55,5025
2018/8/28,85.95,86.4,85.95,86.25,8288
2018/8/29,86.45,87.35,86.45,87.25,13384
2018/8/30,87.8,88.35,87.45,87.55,9894
2018/8/31,87,87,86.45,86.95,4246
2018/9/3,86.95,87.2,86.4,86.45,3670
2018/9/4,86.8,87,86.45,87,2358
2018/9/5,87,87.3,86.7,87,2496
2018/9/6,86.9,86.9,86.2,86.5,1946
2018/9/7,86.2,86.45,86,86.4,2506
2018/9/10,86.6,86.6,85.65,86,5319
2018/9/11,85.95,86,85.4,85.65,19525
2018/9/12,85.85,85.9,85.25,85.55,18584
2018/9/13,85.8,85.8,84.9,84.95,20996
2018/9/14,85.75,86.5,85.6,86.5,8616
2018/9/17,86.5,86.5,85.7,85.85,8989
2018/9/18,85.6,85.7,85.2,85.4,6141
2018/9/19,85.8,86.3,85.7,86.15,6882
2018/9/20,86.45,86.55,85.8,85.9,4160
2018/9/21,86.25,86.85,85.9,86.85,7370
2018/9/25,86.65,87.15,86.6,87.1,7506
2018/9/26,86.9,87,86.75,86.9,8037
2018/9/27,86.6,87.45,86.6,87.35,27800
2018/9/28,87.35,87.65,86.6,86.9,13202
2018/10/1,86.9,87.4,86.9,87.35,5914
2018/10/2,87.25,87.25,86,86.05,5434
2018/10/3,86.05,86.3,85.8,85.95,4370
2018/10/4,85.7,85.7,84.8,84.9,9737
2018/10/5,84.5,84.5,83,83.45,26744
2018/10/8,82.95,83.4,82.5,83,46523
2018/10/9,83.05,83.4,82.8,83.25,20531
2018/10/11,80.15,80.15,77.35,77.4,68552
2018/10/12,77.7,80.05,77.5,80.05,23183
2018/10/15,79.5,79.5,78.65,79.2,49300
2018/10/16,79,79.5,78.6,79.3,16687
2018/10/17,80.45,80.5,79.35,79.4,20309
2018/10/18,79.5,79.75,78.95,79.15,7988
2018/10/19,78.2,79.3,78,79.3,12064
2018/10/22,78.35,79.55,78,79.2,12453
2018/10/23,78.1,78.6,77.7,77.75,24898
2018/10/24,77.8,77.95,76.7,77.4,13003
2018/10/25,75.5,76.2,75.3,75.5,28936
2018/10/26,76.25,76.45,74.5,75.4,17784
2018/10/29,75.85,76.1,75.35,75.75,9883
2018/10/30,75.8,76.25,75.5,75.95,6119
2018/10/31,76.6,77.55,76.6,77.55,9898
2018/11/1,77.85,78.45,77.55,78.4,6807
2018/11/2,78.4,78.8,78,78.65,6722
2018/11/5,78.1,78.25,77.6,78.25,4658
2018/11/6,78.45,78.5,77.75,78,6206
2018/11/7,78.2,78.55,78.05,78.4,6195
2018/11/8,79.15,79.4,78.5,78.85,10310
2018/11/9,78.5,78.5,77.65,77.8,36848
2018/11/12,77.75,78.3,77.55,78,6133
2018/11/13,76.15,77.25,75.7,77.1,10712
2018/11/14,77.25,77.4,77,77.35,6293
2018/11/15,77.5,77.65,76.75,77.6,5694
2018/11/16,77.95,77.95,76.85,76.95,8884
2018/11/19,77.05,77.15,76.6,76.7,7058
2018/11/20,76.4,76.5,75.75,76,8625
2018/11/21,75.3,76.05,74.85,76,15125
2018/11/22,76.1,76.25,75.6,75.6,5935
2018/11/23,75.7,75.85,75.05,75.35,4041
2018/11/26,75.9,76.95,75.75,76.15,6330
2018/11/27,75.95,76.05,75.2,76.05,7626
2018/11/28,76.15,76.95,75.75,76.9,7550
2018/11/29,77.7,77.95,77.05,77.05,8882
2018/11/30,77.2,77.35,76.75,76.75,4210
2018/12/3,77.85,79,77.8,78.8,13851
2018/12/4,78.5,78.5,78.1,78.25,4118
2018/12/5,77.1,77.2,76.65,76.65,9636
2018/12/6,75.85,75.85,74.85,75.1,20347
2018/12/7,75.6,75.75,75.3,75.45,6781
2018/12/10,74.5,74.9,74.45,74.45,13013
2018/12/11,74.5,75.1,74.45,75.05,5316
2018/12/12,75.65,76.25,75.4,76.2,8678
2018/12/13,76.2,76.5,75.95,76.3,6254
2018/12/14,75.8,75.8,74.95,75.35,8781
2018/12/17,75.35,76.05,75.15,75.95,5652
2018/12/18,75.5,75.55,75.05,75.3,7669
2018/12/19,75.5,75.95,75.35,75.9,4497
2018/12/20,75,75.55,75,75.05,9562
2018/12/21,74.95,75.25,74.45,75.2,8481
2018/12/22,74.85,74.85,74.7,74.85,3003
2018/12/24,74.85,75,74.55,74.7,5952
2018/12/25,74.15,74.15,73.3,73.75,12071
2018/12/26,74,74.3,73.5,73.55,8920
2018/12/27,74.8,75.15,74.5,75.05,9615
2018/12/28,75.1,75.5,74.85,75.5,4630
2019/1/2,75.85,75.9,73.95,74.05,8532
2019/1/3,73.8,74,73.25,73.35,13347
2019/1/4,72.8,72.8,72,72.2,21292
2019/1/7,73.55,74.05,73.25,73.95,14606
2019/1/8,74.15,74.15,73.55,73.65,11007
2019/1/9,73.95,75.15,73.95,75,11431
2019/1/10,74.8,74.9,74.5,74.8,2823
2019/1/11,75.3,75.75,75.15,75.5,10363
2019/1/14,75.45,75.45,74.75,75,5298
2019/1/15,75.05,75.8,75.05,75.65,11836
2019/1/16,75.65,75.7,75.35,75.55,15343
2019/1/17,75.6,75.9,75.15,75.55,10021
2019/1/18,75.75,76.1,75.4,75.95,8293
2019/1/21,76.35,76.7,76.25,76.5,10455
2019/1/22,74.4,74.4,73.8,74.05,8839
2019/1/23,74,74,73.65,73.7,6407
2019/1/24,73.95,74.15,73.75,74.05,3501
2019/1/25,74.6,75.1,74.55,75,7321
2019/1/28,75.15,75.45,75.05,75.15,3825
2019/1/29,74.5,74.55,74.2,74.5,4420
2019/1/30,74.5,74.65,74.2,74.35,5255
2019/2/11,75.35,75.65,74.85,75.15,6615
2019/2/12,75.35,75.75,75.35,75.65,6164
2019/2/13,75.95,75.95,75.4,75.5,4158
2019/2/14,75.5,75.75,75.25,75.25,3642
2019/2/15,75.3,75.6,74.9,75.05,3516
2019/2/18,75.5,75.9,75.5,75.65,6596
2019/2/19,75.7,75.7,75.5,75.5,2862
2019/2/20,75.9,76.5,75.9,76.35,34308
2019/2/21,76.4,77.1,76.4,77.1,18665
2019/2/22,76.95,76.95,76.5,76.95,9881
2019/2/25,77.35,77.75,77.3,77.5,19365
2019/2/26,77.65,77.8,77.3,77.7,15903
2019/2/27,77.7,77.7,77.35,77.65,12907
2019/3/4,77.55,77.55,76.7,76.95,8470
2019/3/5,76.6,76.9,76.45,76.75,9400
2019/3/6,76.85,77.05,76.75,76.95,19580
2019/3/7,76.9,77.05,76.6,76.65,18240
2019/3/8,76.2,76.35,75.8,76,9975
2019/3/11,75.85,76.15,75.7,76.15,4642
2019/3/12,76.85,77.45,76.8,77.25,13857
2019/3/13,77.05,77.2,76.8,77.1,10149
2019/3/14,77.3,77.4,76.95,77.05,5209
2019/3/15,77.35,77.7,77.15,77.6,11484
2019/3/18,77.75,78.1,77.65,78.1,12219
2019/3/19,78.1,78.4,77.85,78.4,8604
2019/3/20,78.35,78.55,78.2,78.5,11856
2019/3/21,78.8,79.15,78.65,79.15,11341
2019/3/22,79.5,79.7,79.05,79.35,6930
2019/3/25,78.1,78.35,78,78.15,7021
2019/3/26,78.5,78.7,78.4,78.65,2700
2019/3/27,78.45,78.7,78.2,78.5,2556
2019/3/28,78.3,78.6,78.15,78.5,3415
2019/3/29,78.7,79.15,78.25,79.15,5680
2019/4/1,80,80.4,79.6,79.85,11053
2019/4/2,80.1,80.45,80.1,80.15,5605
2019/4/3,80.4,80.45,79.95,80.15,6867
2019/4/8,80.8,81,80.7,80.9,7991
2019/4/9,80.95,81.4,80.85,81.4,15272
2019/4/10,81.1,81.55,81.1,81.5,10863
2019/4/11,81.35,81.55,80.9,81.15,8272
2019/4/12,81.15,81.3,81,81.1,7498
2019/4/15,81.65,82,81.55,81.85,7682
2019/4/16,81.85,82.15,81.8,82.1,7768
2019/4/17,82.3,82.9,82.3,82.75,23105
2019/4/18,82.9,83.35,82.45,82.7,20690
2019/4/19,83.25,83.5,82.7,82.8,12516
2019/4/22,83,83.1,82.65,82.7,2874
2019/4/23,82.7,83.2,82.55,83.05,6012
2019/4/24,83.4,83.55,82.9,83.2,3109
2019/4/25,83.1,83.45,83,83.4,3529
2019/4/26,82.8,82.8,82.2,82.45,3815
2019/4/29,82.6,82.95,82.5,82.8,3162
2019/4/30,82.8,82.9,82.4,82.8,3248
2019/5/2,82.95,83.45,82.9,83,6156
2019/5/3,83.1,83.8,83.1,83.75,30324
2019/5/6,82.6,82.6,82.05,82.3,7464
2019/5/7,82.65,83.3,82.65,83.15,14011
2019/5/8,82.4,82.85,82.25,82.55,13573
2019/5/9,82.15,82.2,81.25,81.55,6924
2019/5/10,81.55,82.15,80.9,81.5,11794
2019/5/13,81.1,81.1,80.1,80.15,18678
2019/5/14,79.6,80.05,78.9,79.65,20280
2019/5/15,79.65,80,79.45,79.75,17262
2019/5/16,79.5,79.6,79,79.05,17100
2019/5/17,79.5,79.55,78.25,78.25,23574
2019/5/20,78.5,78.8,78.15,78.2,14305
2019/5/21,78,78.45,77.7,78.4,19815
2019/5/22,78.2,78.65,78.1,78.4,10558
2019/5/23,77.85,77.85,76.85,76.95,25683
2019/5/24,77.05,77.5,77,77.35,6029
2019/5/27,77.5,77.5,76.85,77.15,11541
2019/5/28,77.25,77.25,76.85,77.1,9812
2019/5/29,76.5,76.8,76.3,76.75,9660
2019/5/30,76.75,77.5,76.75,77.4,7659
2019/5/31,77.35,78.45,77.3,78.45,7566
2019/6/3,78.2,78.65,77.65,78.55,6018
2019/6/4,78.45,78.6,78,78.05,7229
2019/6/5,78.85,78.95,78.25,78.3,7052
2019/6/6,77.7,77.85,77.45,77.7,7456
2019/6/10,78.65,79.05,78.35,79.05,7667
2019/6/11,79.2,79.8,79.05,79.4,10624
2019/6/12,79.4,79.8,79.25,79.7,9258
2019/6/13,79.4,79.55,78.95,79.05,5915
2019/6/14,79,79.15,78.8,78.9,3164
2019/6/17,78.45,78.95,78.1,78.7,6141
2019/6/18,78.8,79,78.6,78.9,2890
2019/6/19,80,80.8,79.95,80.75,21833
2019/6/20,80.75,81,80.65,80.85,11582
2019/6/21,81.1,81.2,80.8,80.85,15344
2019/6/24,80.8,81.5,80.7,81.2,16601
2019/6/25,81.15,81.4,80.6,80.75,7941
2019/6/26,80.6,80.6,80.25,80.35,5913
2019/6/27,80.55,81.6,80.55,81.5,15351
2019/6/28,81.45,81.55,80.85,80.9,3941
2019/7/1,82.05,82.8,82.05,82.65,13771
2019/7/2,82.65,82.7,82.4,82.45,5209
2019/7/3,82.35,82.35,81.35,81.5,8615
2019/7/4,81.8,82.2,81.8,82,5778
2019/7/5,82.1,82.35,81.8,81.9,1613
2019/7/8,81.8,82,81.4,81.6,3859
2019/7/9,81.75,81.75,81.4,81.5,4083
2019/7/10,81.95,82.25,81.85,82.2,4428
2019/7/11,82.65,83.05,82.5,82.85,10380
2019/7/12,82.85,83,82.7,82.75,2973
2019/7/15,82.85,83.35,82.25,83.2,9336
2019/7/16,83.2,83.45,83.15,83.35,5503
2019/7/17,83.25,83.25,82.8,82.8,10599
2019/7/18,82.6,82.95,82.6,82.7,7541
2019/7/19,83,83.45,83,83,9781
2019/7/22,83.1,83.5,83.1,83.4,8369
2019/7/23,83.6,83.9,83.5,83.6,5899
2019/7/24,83.75,83.9,83.55,83.55,3364
2019/7/25,83.55,83.8,83.4,83.8,4932
2019/7/26,83.4,83.4,83.2,83.25,3130
2019/7/29,83.1,83.45,83.05,83.45,3042
2019/7/30,83.6,83.7,83.2,83.2,2083
2019/7/31,83.15,83.15,82.45,82.8,3119
2019/8/1,82.2,82.55,82.1,82.3,5043
2019/8/2,81.05,81.2,80.6,80.95,16846
2019/8/5,80.7,80.85,79.9,80.15,20660
2019/8/6,78.65,80.45,78.5,80.1,24902
2019/8/7,80.15,80.2,79.55,79.7,16856
2019/8/8,80.05,80.8,80,80.65,5036
2019/8/12,80.65,80.85,80.15,80.6,3168
2019/8/13,80.15,80.15,79.55,79.7,7432
2019/8/14,80.7,80.8,80.3,80.3,7382
2019/8/15,79.2,79.6,79.1,79.4,15972
2019/8/16,79.45,80.35,79.25,80.35,6159
2019/8/19,80.75,80.9,80.3,80.8,6475
2019/8/20,80.85,81.1,80.8,81,4179
2019/8/21,80.95,81.15,80.9,81.1,6093
2019/8/22,81.3,81.65,80.8,80.9,9379
2019/8/23,80.9,81.1,80.75,81,3211
2019/8/26,79.8,80.1,79.6,79.65,12292
2019/8/27,80.15,80.2,79.75,79.85,2536
2019/8/28,80.1,80.55,80.1,80.4,3318
2019/8/29,80.45,80.6,80,80.55,3234
2019/8/30,81.15,81.9,81.15,81.85,19371
2019/9/2,81.8,82,81.65,81.9,6458
2019/9/3,81.85,82,81.2,81.2,5053
2019/9/4,81.45,82.2,81.4,82.15,10749
2019/9/5,82.55,83.2,82.55,83,25429
2019/9/6,83.25,83.55,83.25,83.5,17226
2019/9/9,83.7,84,83.65,83.8,12633
2019/9/10,83.95,83.95,83.2,83.4,5172
2019/9/11,83.75,83.9,83.3,83.45,4746
2019/9/12,84.1,84.25,83.75,83.9,9281
2019/9/16,84,84.45,83.95,84.4,10930
2019/9/17,84.4,84.45,84.2,84.25,4967
2019/9/18,84.4,85,84.35,84.95,16999
2019/9/19,84.95,85.15,84.4,84.45,7777
2019/9/20,84.65,84.9,84.65,84.7,8232
2019/9/23,84.65,84.85,84.5,84.5,4370
2019/9/24,84.5,84.85,84.35,84.65,4852
2019/9/25,84.35,84.35,83.9,84.1,3928
2019/9/26,84.45,84.7,84.15,84.3,5195
2019/9/27,84.9,85.2,84.5,84.6,8885
2019/10/1,84.8,86,84.8,85.95,9596
2019/10/2,85.6,85.9,85.6,85.65,5654
2019/10/3,84.4,85.1,84.3,84.8,4868
2019/10/4,85.2,85.4,84.75,85.15,3747
2019/10/7,85.4,85.65,85.2,85.45,4141
2019/10/8,85.85,86.6,85.85,86.5,12195
2019/10/9,86.15,86.2,85.8,85.8,6917
2019/10/14,87,87.55,87,87.55,9491
2019/10/15,87.55,87.85,87.3,87.7,4378
2019/10/16,88,88.15,87.85,88.1,3984
2019/10/17,88.05,88.15,87.8,88.15,2541
2019/10/18,88.15,88.65,87.9,87.95,2816
2019/10/21,87.95,88,87.75,87.85,1078
2019/10/22,88.2,88.8,88.2,88.7,3256
2019/10/23,88.7,88.8,88.3,88.45,2581
2019/10/24,88.7,88.8,88.5,88.8,2580
2019/10/25,89.2,89.2,88.6,88.8,7971
2019/10/28,89.25,89.3,89,89.2,5010
2019/10/29,89.5,89.65,89.35,89.45,7411
2019/10/30,89.45,89.85,89.3,89.85,5384
2019/10/31,89.9,90.6,89.9,90.1,9458
2019/11/1,90,90.2,89.75,90.1,2807
2019/11/4,90.55,92.25,90.55,92.2,6731
2019/11/5,92.4,92.9,92.35,92.9,3966
2019/11/6,92.95,93.35,92.75,93.35,4494
2019/11/7,93.2,93.2,92.35,92.85,3050
2019/11/8,93,93.05,92.4,92.55,2891
2019/11/11,92.4,92.45,91.05,91.15,5859
2019/11/12,91.55,92,91.55,92,2426
2019/11/13,91.55,91.65,91.05,91.45,1936
2019/11/14,91.6,91.8,91.2,91.4,2174
2019/11/15,92,92.5,92,92.3,2511
2019/11/18,92.5,92.9,92.4,92.9,2088
2019/11/19,92.9,93.6,92.65,93.6,2822
2019/11/20,93.6,93.6,93.1,93.25,7955
2019/11/21,92.3,92.55,91.8,92.5,3284
2019/11/22,92.55,92.75,92.4,92.55,1507
2019/11/25,93,93.1,92.55,92.6,2521
2019/11/26,92.95,93.3,92.8,92.85,3827
2019/11/27,92.85,93.2,92.75,93.2,1958
2019/11/28,93.25,93.25,92.8,92.95,1353
2019/11/29,92.85,92.85,91.45,91.5,5344
2019/12/2,91.95,92.15,91.75,92.05,2068
2019/12/3,91.7,92.2,91.6,92.05,1411
2019/12/4,91.85,91.9,91.4,91.7,2311
2019/12/5,92.35,93,92.2,92.9,3441
2019/12/6,93.3,93.5,92.75,93.05,3394
2019/12/9,93.2,93.8,93.2,93.65,2912
2019/12/10,93.4,93.4,92.8,93,5465
2019/12/11,93,93.75,92.95,93.75,1937
2019/12/12,94.35,96.1,94.35,95.85,8420
2019/12/13,96.75,97.4,96.7,96.9,5880
2019/12/16,96.95,97.05,96.65,96.85,4482
2019/12/17,96.75,98.15,96.7,98.15,4703
2019/12/18,98,98.3,97.8,98.2,3762
2019/12/19,98.15,98.2,97.55,97.65,2271
2019/12/20,97.55,97.55,96.7,96.95,3353
2019/12/23,97,97.3,96.95,97.15,3417
2019/12/24,97.3,97.45,97.2,97.2,1410
2019/12/25,97.2,97.45,97.05,97.35,1789
2019/12/26,97.55,97.55,97.1,97.35,3096
2019/12/27,97.6,98.15,97.6,98,2978
2019/12/30,98,98.25,97.6,97.8,3139
2019/12/31,97.1,97.2,96.95,96.95,4304
2020/1/2,97.05,98,97.05,97.65,4882
2020/1/3,98.3,98.7,97,97.65,6814
2020/1/6,97.05,97.1,96.4,96.4,9322
2020/1/7,96.45,96.7,95.4,96.1,6329
2020/1/8,95.2,96.2,95.05,95.65,8517
2020/1/9,96.3,97.1,96.3,96.95,7164
2020/1/10,97.5,97.8,96.95,97.3,9072
2020/1/13,97.85,98.1,97.5,98,6651
2020/1/14,98.5,98.85,98.4,98.6,11545
2020/1/15,98.7,98.7,97.45,97.6,10259
2020/1/16,97.15,97.5,97,97.3,8686
2020/1/17,97.7,97.75,97.1,97.3,8121
2020/1/20,97.55,98,97.55,97.7,6970
2020/1/30,95,95,92.15,92.15,32263
2020/1/31,90.65,90.65,89.65,89.95,22498
2020/2/3,88.5,89.15,87.6,89.05,15824
2020/2/4,89.45,90.95,89.2,90.6,8904
2020/2/5,91,91.3,90.3,90.85,6702
2020/2/6,91.65,92.3,91.35,92.3,10696
2020/2/7,91.65,91.65,90.95,91.2,9555
2020/2/10,90,91.2,89.6,91,7309
2020/2/11,91.35,91.95,91.35,91.75,5115
2020/2/12,92,92.9,92,92.65,5640
2020/2/13,93,93.25,92.7,92.8,5754
2020/2/14,92.8,93.25,92.55,92.95,4988
2020/2/17,92.3,92.55,91.95,92.3,6266
2020/2/18,91.4,91.6,91,91.05,12529
2020/2/19,91.15,92.25,91.05,92.1,7947
2020/2/20,92.35,92.5,91.35,91.7,6538
2020/2/21,91.65,91.95,90.95,91.25,5401
2020/2/24,90.25,90.4,89.7,90.1,13572
2020/2/25,89.5,90.5,89.45,90.35,8840
2020/2/26,89.15,89.75,88.9,89.45,15256
2020/2/27,89.35,89.5,88.35,88.65,24688
2020/3/2,87.5,88.25,86.85,87.35,27895
2020/3/3,88.85,88.95,88.25,88.6,11072
2020/3/4,88.8,89.2,88.4,89.2,8437
2020/3/5,89.8,90.25,89.75,90.2,9785
2020/3/6,89.65,89.65,88.3,88.35,17096
2020/3/9,86.8,86.8,85.6,85.85,27734
2020/3/10,85,86.3,84.9,86.3,23784
2020/3/11,86.45,86.55,85.05,85.3,15307
2020/3/12,84.5,84.5,81.15,82.15,44910
2020/3/13,78,81.4,75.95,81,53705
2020/3/16,80,80.4,76.95,77.3,33814
2020/3/17,74.3,76.7,74.3,74.85,51146
2020/3/18,74.95,75.25,72.8,72.8,46791
2020/3/19,71,71,67.25,68.55,68038
2020/3/20,71,74,70.9,74,40911
2020/3/23,71,72.1,69.55,70.8,22465
2020/3/24,73.85,75.3,73.7,74.25,26957
2020/3/25,76.8,77.45,76.1,76.85,32688
2020/3/26,77.4,77.45,76,77.2,19216
2020/3/27,78.3,78.7,76.45,76.6,21954
2020/3/30,74.7,76.15,74.05,75.85,13606
2020/3/31,76.8,77.2,75.6,76.15,9764
2020/4/1,76.5,76.65,76.05,76.55,4285
