"""siteid""","""sitename""","""aqi""","""pm2.5_avg""","""pm10_avg""","""so2_avg""","""datacreationdate"""
47,美濃,80.83,27.58,45.88,1.0,2023-01-01
47,美濃,63.33,20.71,32.54,0.38,2023-01-02
47,美濃,77.59,26.27,36.64,0.0,2023-01-03
47,美濃,51.25,16.17,27.33,0.0,2023-01-04
47,美濃,77.25,26.12,46.08,0.0,2023-01-05
47,美濃,74.58,25.04,41.46,0.0,2023-01-06
47,美濃,76.08,25.71,45.79,0.12,2023-01-07
47,美濃,88.83,30.83,50.58,1.0,2023-01-08
47,美濃,100.25,35.38,55.96,1.0,2023-01-09
47,美濃,100.92,35.42,58.5,1.0,2023-01-10
47,美濃,94.96,33.29,54.0,0.54,2023-01-11
47,美濃,90.33,31.38,55.42,0.0,2023-01-12
47,美濃,63.88,20.54,41.46,0.0,2023-01-13
47,美濃,31.5,9.54,23.96,0.0,2023-01-14
47,美濃,46.29,14.62,32.71,0.04,2023-01-15
47,美濃,51.83,16.25,37.92,0.38,2023-01-16
47,美濃,71.21,23.79,42.29,1.0,2023-01-17
47,美濃,64.79,21.08,41.62,1.0,2023-01-18
47,美濃,88.08,30.5,54.17,1.0,2023-01-19
47,美濃,79.12,26.96,48.38,1.0,2023-01-20
47,美濃,78.46,26.58,52.29,1.0,2023-01-21
47,美濃,80.92,27.75,46.0,0.62,2023-01-22
47,美濃,65.75,21.58,37.54,0.79,2023-01-23
47,美濃,53.83,15.46,44.25,0.75,2023-01-24
47,美濃,63.58,20.62,45.92,0.46,2023-01-25
47,美濃,50.92,15.0,28.42,0.5,2023-01-26
47,美濃,52.0,16.71,34.46,0.38,2023-01-27
47,美濃,82.62,28.21,52.79,1.0,2023-01-28
47,美濃,76.12,25.71,46.33,1.0,2023-01-29
47,美濃,91.5,31.62,53.38,0.96,2023-01-30
47,美濃,68.88,20.08,39.79,0.75,2023-01-31
47,美濃,51.88,14.83,31.96,1.0,2023-02-01
47,美濃,69.79,22.29,44.92,1.0,2023-02-02
47,美濃,90.0,31.25,67.25,1.0,2023-02-03
47,美濃,78.42,26.62,55.83,0.88,2023-02-04
47,美濃,84.62,29.21,51.46,0.5,2023-02-05
47,美濃,67.04,22.29,38.5,0.0,2023-02-06
47,美濃,46.04,14.46,27.62,0.0,2023-02-07
47,美濃,90.67,31.54,56.62,0.25,2023-02-08
47,美濃,107.38,37.96,67.54,0.83,2023-02-09
47,美濃,78.04,26.25,47.67,1.0,2023-02-10
47,美濃,74.08,24.54,45.25,1.0,2023-02-11
47,美濃,62.62,19.92,43.04,0.96,2023-02-12
47,美濃,30.88,7.88,24.96,0.54,2023-02-13
47,美濃,62.33,20.38,41.5,0.0,2023-02-14
47,美濃,70.5,23.42,43.25,0.0,2023-02-15
47,美濃,62.96,19.58,45.67,0.58,2023-02-16
47,美濃,67.83,22.29,50.08,1.0,2023-02-17
47,美濃,76.58,25.0,48.04,0.38,2023-02-18
47,美濃,79.0,26.83,47.62,0.83,2023-02-19
47,美濃,129.79,46.42,84.92,1.0,2023-02-20
47,美濃,77.67,26.12,65.08,1.54,2023-02-21
47,美濃,60.67,19.46,47.38,1.12,2023-02-22
47,美濃,67.71,22.29,42.88,0.0,2023-02-23
47,美濃,76.96,26.0,46.46,0.0,2023-02-24
47,美濃,65.42,21.42,41.46,0.0,2023-02-25
47,美濃,66.62,21.92,43.88,0.33,2023-02-26
47,美濃,61.21,19.54,45.96,1.0,2023-02-27
47,美濃,69.92,23.17,47.46,1.0,2023-02-28
47,美濃,70.62,23.04,42.54,0.67,2023-03-01
47,美濃,70.0,21.54,50.75,0.25,2023-03-02
47,美濃,84.17,26.92,67.5,1.0,2023-03-03
47,美濃,79.75,25.25,47.42,0.54,2023-03-04
47,美濃,86.29,26.83,49.25,0.0,2023-03-05
47,美濃,79.58,24.38,45.62,0.42,2023-03-06
47,美濃,58.33,15.17,34.21,0.62,2023-03-07
47,美濃,58.62,14.92,33.0,0.0,2023-03-08
47,美濃,78.25,21.62,44.12,0.79,2023-03-09
47,美濃,95.29,31.96,55.83,1.0,2023-03-10
47,美濃,71.79,21.88,39.96,0.75,2023-03-11
47,美濃,64.46,19.71,36.5,0.29,2023-03-12
47,美濃,67.75,22.17,48.46,0.92,2023-03-13
47,美濃,76.88,22.17,52.0,1.0,2023-03-14
47,美濃,66.5,17.92,39.12,1.0,2023-03-15
47,美濃,72.92,20.08,40.21,0.75,2023-03-16
47,美濃,71.21,21.58,47.33,0.54,2023-03-17
47,美濃,58.04,18.29,40.33,0.58,2023-03-18
47,美濃,59.54,18.33,44.25,0.04,2023-03-19
47,美濃,66.46,20.25,49.21,0.58,2023-03-20
47,美濃,43.83,13.25,33.12,1.0,2023-03-21
47,美濃,44.04,13.42,30.83,0.75,2023-03-22
47,美濃,31.04,9.29,23.21,0.0,2023-03-23
47,美濃,64.79,21.54,37.0,0.38,2023-03-24
47,美濃,94.29,30.47,57.35,1.0,2023-03-25
47,美濃,57.75,18.25,36.62,0.67,2023-03-26
47,美濃,66.25,21.58,41.33,0.42,2023-03-27
47,美濃,77.54,24.71,52.92,0.75,2023-03-28
47,美濃,72.79,24.29,43.62,0.5,2023-03-29
47,美濃,65.88,20.38,40.71,0.42,2023-03-30
47,美濃,72.92,23.21,46.62,0.58,2023-03-31
48,橋頭,78.88,26.75,54.21,1.0,2023-01-01
48,橋頭,68.12,22.62,47.04,0.67,2023-01-02
48,橋頭,74.46,25.0,47.12,0.0,2023-01-03
48,橋頭,54.83,17.54,37.38,0.92,2023-01-04
48,橋頭,73.67,24.75,54.88,1.0,2023-01-05
48,橋頭,77.38,26.25,55.54,1.0,2023-01-06
48,橋頭,82.92,28.42,56.25,1.0,2023-01-07
48,橋頭,122.62,43.83,84.33,1.46,2023-01-08
48,橋頭,131.38,48.17,91.33,1.54,2023-01-09
48,橋頭,113.88,40.54,81.33,1.0,2023-01-10
48,橋頭,109.83,39.04,75.75,1.0,2023-01-11
48,橋頭,115.42,41.12,85.25,0.21,2023-01-12
48,橋頭,90.04,31.21,66.12,0.96,2023-01-13
48,橋頭,32.0,8.71,31.38,1.67,2023-01-14
48,橋頭,52.25,15.71,44.79,0.5,2023-01-15
48,橋頭,45.17,14.04,40.75,1.0,2023-01-16
48,橋頭,65.71,21.5,43.0,1.0,2023-01-17
48,橋頭,73.04,24.38,49.38,1.0,2023-01-18
48,橋頭,102.5,36.0,64.83,1.0,2023-01-19
48,橋頭,97.79,34.21,70.96,1.0,2023-01-20
48,橋頭,80.5,27.46,58.38,1.0,2023-01-21
48,橋頭,95.46,33.25,63.42,1.0,2023-01-22
48,橋頭,61.5,19.83,37.96,1.0,2023-01-23
48,橋頭,76.92,15.54,72.29,0.75,2023-01-24
48,橋頭,64.62,21.04,51.33,0.58,2023-01-25
48,橋頭,58.58,18.75,41.04,1.0,2023-01-26
48,橋頭,77.12,24.33,61.75,1.0,2023-01-27
48,橋頭,75.46,25.54,59.42,1.0,2023-01-28
48,橋頭,82.21,28.17,57.46,1.0,2023-01-29
48,橋頭,95.92,33.5,62.67,1.0,2023-01-30
48,橋頭,85.46,29.5,61.0,1.0,2023-01-31
48,橋頭,69.42,22.83,49.67,1.71,2023-02-01
48,橋頭,102.96,36.29,75.79,1.04,2023-02-02
48,橋頭,96.5,33.83,77.08,1.0,2023-02-03
48,橋頭,94.67,33.17,73.25,1.0,2023-02-04
48,橋頭,117.12,41.83,72.58,1.0,2023-02-05
48,橋頭,86.33,29.83,51.75,1.0,2023-02-06
48,橋頭,95.5,33.29,62.08,1.0,2023-02-07
48,橋頭,121.67,43.5,79.46,1.0,2023-02-08
48,橋頭,123.29,44.25,78.58,1.0,2023-02-09
48,橋頭,91.33,31.67,61.71,1.0,2023-02-10
48,橋頭,88.21,30.62,57.83,1.08,2023-02-11
48,橋頭,85.04,29.42,58.0,1.29,2023-02-12
48,橋頭,28.83,7.88,25.67,1.62,2023-02-13
48,橋頭,64.04,20.88,44.71,1.0,2023-02-14
48,橋頭,65.92,21.46,52.88,1.0,2023-02-15
48,橋頭,69.5,22.96,53.0,1.0,2023-02-16
48,橋頭,78.62,26.67,64.0,1.0,2023-02-17
48,橋頭,119.75,42.54,75.79,1.0,2023-02-18
48,橋頭,96.04,33.54,65.71,1.0,2023-02-19
48,橋頭,123.29,43.88,86.21,1.0,2023-02-20
48,橋頭,77.38,24.96,72.0,1.62,2023-02-21
48,橋頭,60.62,18.83,51.79,1.17,2023-02-22
48,橋頭,83.71,28.79,56.17,0.54,2023-02-23
48,橋頭,92.75,32.33,63.58,1.0,2023-02-24
48,橋頭,71.04,23.58,55.17,1.0,2023-02-25
48,橋頭,67.17,21.33,54.62,1.0,2023-02-26
48,橋頭,59.79,19.17,51.83,1.0,2023-02-27
48,橋頭,86.75,29.92,64.5,1.0,2023-02-28
48,橋頭,99.54,34.96,62.79,1.0,2023-03-01
48,橋頭,106.33,37.46,80.17,1.0,2023-03-02
48,橋頭,86.79,29.71,75.71,1.67,2023-03-03
48,橋頭,88.0,30.42,65.25,1.0,2023-03-04
48,橋頭,111.96,37.88,70.83,1.0,2023-03-05
48,橋頭,88.21,28.08,61.67,1.0,2023-03-06
48,橋頭,74.88,23.58,54.38,1.0,2023-03-07
48,橋頭,72.38,23.0,54.79,1.92,2023-03-08
48,橋頭,97.54,33.96,69.75,2.25,2023-03-09
48,橋頭,127.58,42.42,72.96,1.92,2023-03-10
48,橋頭,86.04,28.58,53.96,1.42,2023-03-11
48,橋頭,69.46,22.21,42.96,1.0,2023-03-12
48,橋頭,69.54,22.75,58.33,1.0,2023-03-13
48,橋頭,68.75,21.46,53.83,1.0,2023-03-14
48,橋頭,78.83,26.62,63.12,1.0,2023-03-15
48,橋頭,90.88,31.29,60.71,1.33,2023-03-16
48,橋頭,93.0,32.29,66.5,1.33,2023-03-17
48,橋頭,78.12,26.58,54.62,1.0,2023-03-18
48,橋頭,80.21,27.33,56.96,1.0,2023-03-19
48,橋頭,72.96,24.42,58.08,1.0,2023-03-20
48,橋頭,59.54,19.12,45.0,1.0,2023-03-21
48,橋頭,56.62,18.54,38.42,1.0,2023-03-22
48,橋頭,47.92,14.92,34.83,1.0,2023-03-23
48,橋頭,77.75,26.38,44.29,1.0,2023-03-24
48,橋頭,97.06,33.88,70.65,1.0,2023-03-25
48,橋頭,55.92,17.62,36.54,0.62,2023-03-26
48,橋頭,81.38,27.79,53.04,0.71,2023-03-27
48,橋頭,88.62,30.79,56.12,1.0,2023-03-28
48,橋頭,93.92,32.75,56.21,1.0,2023-03-29
48,橋頭,80.33,27.42,49.92,1.0,2023-03-30
48,橋頭,90.54,31.42,54.54,1.0,2023-03-31
49,仁武,95.33,33.42,49.83,2.0,2023-01-01
49,仁武,77.04,26.08,39.17,0.79,2023-01-02
49,仁武,88.21,30.75,42.0,0.67,2023-01-03
49,仁武,64.42,20.88,30.5,1.29,2023-01-04
49,仁武,87.67,30.38,47.75,1.0,2023-01-05
49,仁武,91.58,31.96,51.0,0.96,2023-01-06
49,仁武,95.25,33.29,50.21,1.0,2023-01-07
49,仁武,123.38,44.42,70.04,1.88,2023-01-08
49,仁武,142.58,53.29,80.04,2.0,2023-01-09
49,仁武,132.17,47.83,74.12,1.71,2023-01-10
49,仁武,126.17,45.33,67.46,1.38,2023-01-11
49,仁武,125.17,44.88,70.75,1.0,2023-01-12
49,仁武,100.67,35.21,57.12,2.0,2023-01-13
49,仁武,32.75,10.12,23.25,2.21,2023-01-14
49,仁武,58.33,18.92,36.67,0.67,2023-01-15
49,仁武,51.08,16.21,37.21,1.0,2023-01-16
49,仁武,73.62,24.71,45.58,1.0,2023-01-17
49,仁武,79.21,26.88,50.33,1.0,2023-01-18
49,仁武,110.75,39.21,67.75,1.29,2023-01-19
49,仁武,109.88,38.79,72.83,1.75,2023-01-20
49,仁武,84.71,29.17,57.42,1.0,2023-01-21
49,仁武,100.92,35.42,62.21,1.0,2023-01-22
49,仁武,67.67,22.33,38.33,1.0,2023-01-23
49,仁武,70.17,17.21,61.46,1.0,2023-01-24
49,仁武,66.67,21.92,48.29,0.79,2023-01-25
49,仁武,63.21,20.54,39.21,1.58,2023-01-26
49,仁武,78.04,26.33,56.33,1.42,2023-01-27
49,仁武,77.75,26.29,56.79,1.0,2023-01-28
49,仁武,84.33,29.0,55.46,1.0,2023-01-29
49,仁武,102.54,36.17,65.25,1.62,2023-01-30
49,仁武,86.33,29.67,57.67,2.0,2023-01-31
49,仁武,72.79,24.42,53.62,2.0,2023-02-01
49,仁武,105.62,37.33,76.04,1.46,2023-02-02
49,仁武,103.71,36.58,81.83,1.0,2023-02-03
49,仁武,104.0,36.67,77.62,1.0,2023-02-04
49,仁武,124.0,44.25,74.67,1.0,2023-02-05
49,仁武,88.71,30.71,55.58,1.0,2023-02-06
49,仁武,91.08,31.75,61.92,1.0,2023-02-07
49,仁武,126.83,45.92,80.75,1.0,2023-02-08
49,仁武,128.38,46.08,79.29,1.04,2023-02-09
49,仁武,85.96,29.62,56.75,1.5,2023-02-10
49,仁武,89.21,31.0,58.83,1.0,2023-02-11
49,仁武,81.67,28.08,53.54,1.0,2023-02-12
49,仁武,32.12,8.88,29.62,1.54,2023-02-13
49,仁武,69.54,23.12,46.58,1.0,2023-02-14
49,仁武,71.42,23.75,51.21,1.0,2023-02-15
49,仁武,73.12,24.38,57.62,1.67,2023-02-16
49,仁武,78.08,26.5,63.62,2.0,2023-02-17
49,仁武,108.29,38.29,70.75,1.71,2023-02-18
49,仁武,93.21,32.33,63.54,1.42,2023-02-19
49,仁武,130.79,46.83,89.92,1.12,2023-02-20
49,仁武,79.54,25.96,74.75,2.0,2023-02-21
49,仁武,62.54,19.88,52.54,1.5,2023-02-22
49,仁武,84.5,28.96,58.83,0.46,2023-02-23
49,仁武,102.5,35.92,65.08,0.58,2023-02-24
49,仁武,74.12,24.88,52.5,1.0,2023-02-25
49,仁武,67.5,21.96,51.75,1.0,2023-02-26
49,仁武,61.29,19.67,49.79,1.17,2023-02-27
49,仁武,90.96,31.75,63.46,1.0,2023-02-28
49,仁武,97.12,33.83,59.25,1.0,2023-03-01
49,仁武,113.04,40.0,78.79,1.71,2023-03-02
49,仁武,88.29,30.42,74.92,1.96,2023-03-03
49,仁武,88.96,30.88,63.38,1.0,2023-03-04
49,仁武,113.46,38.08,69.5,1.33,2023-03-05
49,仁武,89.96,29.33,63.42,2.0,2023-03-06
49,仁武,74.17,23.25,51.12,1.71,2023-03-07
49,仁武,63.0,19.46,47.58,1.67,2023-03-08
49,仁武,82.54,26.25,57.62,1.21,2023-03-09
49,仁武,119.0,38.92,66.5,1.67,2023-03-10
49,仁武,89.42,28.96,53.71,1.79,2023-03-11
49,仁武,70.29,22.54,41.46,1.0,2023-03-12
49,仁武,72.17,24.08,57.21,1.0,2023-03-13
49,仁武,70.67,22.92,55.58,1.0,2023-03-14
49,仁武,71.83,23.29,51.17,1.08,2023-03-15
49,仁武,84.0,28.54,55.79,1.25,2023-03-16
49,仁武,95.58,33.33,66.25,1.0,2023-03-17
49,仁武,72.92,24.25,49.5,1.0,2023-03-18
49,仁武,84.38,28.92,56.75,1.0,2023-03-19
49,仁武,78.88,26.71,58.0,1.0,2023-03-20
49,仁武,63.42,20.58,44.0,1.0,2023-03-21
49,仁武,48.96,15.33,33.54,1.0,2023-03-22
49,仁武,37.58,11.5,24.12,0.0,2023-03-23
49,仁武,77.67,26.29,44.29,0.79,2023-03-24
49,仁武,95.88,33.59,66.82,1.0,2023-03-25
49,仁武,61.0,19.58,36.04,0.46,2023-03-26
49,仁武,83.54,28.71,48.21,0.75,2023-03-27
49,仁武,94.92,33.12,59.71,1.0,2023-03-28
49,仁武,97.54,34.29,60.12,1.0,2023-03-29
49,仁武,81.0,27.67,51.33,1.0,2023-03-30
49,仁武,88.79,30.71,53.75,1.0,2023-03-31
50,鳳山,114.42,40.79,59.88,2.0,2023-01-01
50,鳳山,91.62,31.88,49.54,1.46,2023-01-02
50,鳳山,112.29,39.79,55.96,1.0,2023-01-03
50,鳳山,72.33,24.12,37.83,1.71,2023-01-04
50,鳳山,111.08,39.38,62.0,2.0,2023-01-05
50,鳳山,103.17,36.42,59.58,1.42,2023-01-06
50,鳳山,93.54,32.79,53.04,1.92,2023-01-07
50,鳳山,119.08,42.42,67.88,2.0,2023-01-08
50,鳳山,137.46,50.21,78.42,1.58,2023-01-09
50,鳳山,135.54,49.83,76.88,1.88,2023-01-10
50,鳳山,126.21,45.21,68.29,1.38,2023-01-11
50,鳳山,122.21,43.75,68.25,1.25,2023-01-12
50,鳳山,102.08,35.71,54.04,1.83,2023-01-13
50,鳳山,46.21,14.38,24.33,1.96,2023-01-14
50,鳳山,68.71,22.79,42.46,1.0,2023-01-15
50,鳳山,58.58,18.79,41.96,1.5,2023-01-16
50,鳳山,83.62,28.71,45.75,2.0,2023-01-17
50,鳳山,90.29,31.5,47.67,1.33,2023-01-18
50,鳳山,115.38,40.96,66.25,2.0,2023-01-19
50,鳳山,114.46,40.88,74.29,2.0,2023-01-20
50,鳳山,91.0,31.75,60.79,2.0,2023-01-21
50,鳳山,97.88,34.21,59.75,2.0,2023-01-22
50,鳳山,63.17,20.46,37.08,1.62,2023-01-23
50,鳳山,65.12,15.96,56.75,0.96,2023-01-24
50,鳳山,65.96,21.58,48.58,0.96,2023-01-25
50,鳳山,58.54,18.62,38.17,1.58,2023-01-26
50,鳳山,74.38,25.17,53.17,2.0,2023-01-27
50,鳳山,76.92,25.96,57.04,2.0,2023-01-28
50,鳳山,88.29,30.67,57.21,2.0,2023-01-29
50,鳳山,98.79,34.62,63.33,2.21,2023-01-30
50,鳳山,76.75,25.92,49.33,2.5,2023-01-31
50,鳳山,63.88,20.67,44.96,2.12,2023-02-01
50,鳳山,91.46,31.75,64.96,2.0,2023-02-02
50,鳳山,107.25,37.88,83.17,2.17,2023-02-03
50,鳳山,105.75,37.38,76.04,2.0,2023-02-04
50,鳳山,124.21,44.79,72.46,1.58,2023-02-05
50,鳳山,92.5,32.12,52.71,1.83,2023-02-06
50,鳳山,87.83,30.46,53.54,2.0,2023-02-07
50,鳳山,125.58,45.12,73.71,2.0,2023-02-08
50,鳳山,113.67,40.33,65.79,2.0,2023-02-09
50,鳳山,78.88,26.88,53.58,1.08,2023-02-10
50,鳳山,86.17,29.67,52.75,1.71,2023-02-11
50,鳳山,72.83,24.67,45.71,2.0,2023-02-12
50,鳳山,30.38,8.79,23.04,1.12,2023-02-13
50,鳳山,72.46,24.29,48.25,1.0,2023-02-14
50,鳳山,71.25,23.71,52.5,1.46,2023-02-15
50,鳳山,73.58,24.71,53.46,2.5,2023-02-16
50,鳳山,74.92,25.21,63.96,2.0,2023-02-17
50,鳳山,93.38,32.62,60.42,2.0,2023-02-18
50,鳳山,88.29,30.42,57.21,2.0,2023-02-19
50,鳳山,133.25,47.71,87.71,2.54,2023-02-20
50,鳳山,77.79,25.75,74.0,2.75,2023-02-21
50,鳳山,60.75,19.33,52.42,1.88,2023-02-22
50,鳳山,84.12,28.92,56.54,1.0,2023-02-23
50,鳳山,107.54,38.04,67.04,1.0,2023-02-24
50,鳳山,73.12,24.5,52.79,1.67,2023-02-25
50,鳳山,67.96,22.21,53.08,1.58,2023-02-26
50,鳳山,60.0,19.17,50.21,1.96,2023-02-27
50,鳳山,92.12,31.96,65.04,2.0,2023-02-28
50,鳳山,99.08,34.58,62.46,1.17,2023-03-01
50,鳳山,106.5,37.46,72.79,1.5,2023-03-02
50,鳳山,84.5,28.83,74.5,2.0,2023-03-03
50,鳳山,81.17,27.79,60.12,1.42,2023-03-04
50,鳳山,106.58,36.38,66.75,1.67,2023-03-05
50,鳳山,79.33,26.71,56.12,2.0,2023-03-06
50,鳳山,66.71,21.92,49.0,2.0,2023-03-07
50,鳳山,54.04,16.83,38.12,1.17,2023-03-08
50,鳳山,75.58,25.33,52.67,1.04,2023-03-09
50,鳳山,102.58,35.42,61.71,2.0,2023-03-10
50,鳳山,78.08,25.5,47.38,2.0,2023-03-11
50,鳳山,63.58,20.67,37.79,1.33,2023-03-12
50,鳳山,67.21,22.21,53.38,1.21,2023-03-13
50,鳳山,65.04,21.29,50.58,2.0,2023-03-14
50,鳳山,64.54,21.04,45.38,1.12,2023-03-15
50,鳳山,77.25,26.17,47.5,1.0,2023-03-16
50,鳳山,92.0,31.83,61.38,2.0,2023-03-17
50,鳳山,68.04,22.46,45.67,1.21,2023-03-18
50,鳳山,86.92,29.96,55.5,1.71,2023-03-19
50,鳳山,74.92,25.25,51.62,1.79,2023-03-20
50,鳳山,65.17,21.21,38.17,2.0,2023-03-21
50,鳳山,52.12,16.54,26.92,1.5,2023-03-22
50,鳳山,42.71,13.17,22.58,0.92,2023-03-23
50,鳳山,80.12,27.25,41.5,0.79,2023-03-24
50,鳳山,95.35,33.35,61.88,2.0,2023-03-25
50,鳳山,61.92,19.88,36.88,1.29,2023-03-26
50,鳳山,78.58,26.75,48.08,1.08,2023-03-27
50,鳳山,94.21,32.88,61.38,2.0,2023-03-28
50,鳳山,100.88,35.5,57.62,2.0,2023-03-29
50,鳳山,84.17,28.79,47.46,2.0,2023-03-30
50,鳳山,81.12,27.58,46.08,2.0,2023-03-31
51,大寮,105.04,37.29,60.12,1.58,2023-01-01
51,大寮,83.75,28.67,44.0,1.0,2023-01-02
51,大寮,105.08,37.08,52.46,1.0,2023-01-03
51,大寮,72.79,24.25,41.92,1.0,2023-01-04
51,大寮,110.42,39.17,68.75,1.33,2023-01-05
51,大寮,109.83,39.0,64.29,1.58,2023-01-06
51,大寮,106.79,37.83,61.71,1.88,2023-01-07
51,大寮,121.42,43.29,71.5,2.29,2023-01-08
51,大寮,139.17,50.75,85.17,1.33,2023-01-09
51,大寮,138.75,52.83,86.62,1.0,2023-01-10
51,大寮,127.96,45.96,71.96,1.0,2023-01-11
51,大寮,124.12,44.5,76.79,1.29,2023-01-12
51,大寮,98.88,32.38,68.25,1.12,2023-01-13
51,大寮,44.17,13.33,34.0,0.42,2023-01-14
51,大寮,60.29,19.67,35.92,1.0,2023-01-15
51,大寮,59.5,19.17,44.88,1.75,2023-01-16
51,大寮,80.96,27.75,50.12,2.04,2023-01-17
51,大寮,81.79,27.96,48.79,1.21,2023-01-18
51,大寮,112.46,40.04,69.33,1.46,2023-01-19
51,大寮,112.29,39.96,68.33,1.21,2023-01-20
51,大寮,96.29,33.46,60.17,1.33,2023-01-21
51,大寮,98.38,34.42,55.0,2.54,2023-01-22
51,大寮,63.38,20.5,36.25,1.79,2023-01-23
51,大寮,63.12,16.79,51.75,1.0,2023-01-24
51,大寮,67.62,22.25,47.67,1.0,2023-01-25
51,大寮,60.58,19.33,34.92,1.62,2023-01-26
51,大寮,71.21,23.54,49.0,1.42,2023-01-27
51,大寮,78.96,26.83,55.08,1.0,2023-01-28
51,大寮,79.83,27.17,50.46,1.0,2023-01-29
51,大寮,108.96,38.58,66.12,2.12,2023-01-30
51,大寮,84.79,29.08,54.83,3.5,2023-01-31
51,大寮,71.46,23.5,54.21,6.96,2023-02-01
51,大寮,94.5,32.96,67.33,5.29,2023-02-02
51,大寮,108.29,38.38,85.5,2.62,2023-02-03
51,大寮,112.62,40.08,78.17,1.54,2023-02-04
51,大寮,116.88,41.71,67.96,1.92,2023-02-05
51,大寮,91.79,31.96,53.5,2.0,2023-02-06
51,大寮,93.0,32.29,55.46,2.79,2023-02-07
51,大寮,124.12,45.33,72.29,3.71,2023-02-08
51,大寮,110.0,38.92,64.29,2.17,2023-02-09
51,大寮,90.17,31.17,50.71,1.0,2023-02-10
51,大寮,92.83,32.33,50.38,1.54,2023-02-11
51,大寮,73.04,22.96,51.71,1.75,2023-02-12
51,大寮,37.0,11.29,27.42,1.38,2023-02-13
51,大寮,77.5,26.38,48.0,1.42,2023-02-14
51,大寮,77.5,26.21,50.12,1.0,2023-02-15
51,大寮,71.58,23.96,52.75,1.42,2023-02-16
51,大寮,74.88,24.88,58.17,1.0,2023-02-17
51,大寮,92.04,32.17,60.33,4.25,2023-02-18
51,大寮,89.25,31.04,55.79,3.58,2023-02-19
51,大寮,141.38,51.75,91.92,1.88,2023-02-20
51,大寮,87.88,30.17,77.42,2.62,2023-02-21
51,大寮,65.75,21.46,55.08,1.92,2023-02-22
51,大寮,91.17,31.71,58.21,1.0,2023-02-23
51,大寮,111.83,39.67,65.21,1.0,2023-02-24
51,大寮,75.62,25.54,47.21,1.0,2023-02-25
51,大寮,71.92,24.08,47.38,1.0,2023-02-26
51,大寮,65.71,21.0,46.5,1.29,2023-02-27
51,大寮,86.0,29.54,56.62,1.17,2023-02-28
51,大寮,90.12,31.08,56.67,1.0,2023-03-01
51,大寮,99.83,35.04,60.96,1.42,2023-03-02
51,大寮,93.67,32.75,70.33,2.0,2023-03-03
51,大寮,87.54,30.17,55.17,1.71,2023-03-04
51,大寮,112.58,36.5,61.0,1.75,2023-03-05
51,大寮,83.54,28.29,53.92,2.0,2023-03-06
51,大寮,78.38,25.12,48.12,1.5,2023-03-07
51,大寮,67.33,21.17,45.0,1.0,2023-03-08
51,大寮,91.58,30.12,59.46,1.62,2023-03-09
51,大寮,121.92,43.54,72.54,1.71,2023-03-10
51,大寮,100.0,35.12,56.96,1.54,2023-03-11
51,大寮,80.96,27.5,43.96,1.21,2023-03-12
51,大寮,72.25,24.08,59.79,2.12,2023-03-13
51,大寮,67.58,21.92,51.62,2.5,2023-03-14
51,大寮,80.58,25.54,50.17,2.08,2023-03-15
51,大寮,89.92,30.21,58.25,2.42,2023-03-16
51,大寮,91.38,31.92,66.0,2.54,2023-03-17
51,大寮,79.46,26.96,50.96,1.92,2023-03-18
51,大寮,97.62,33.79,60.38,2.58,2023-03-19
51,大寮,69.0,22.83,50.58,2.42,2023-03-20
51,大寮,68.12,22.42,45.75,2.08,2023-03-21
51,大寮,56.54,18.17,39.21,1.92,2023-03-22
51,大寮,52.08,16.21,31.67,1.75,2023-03-23
51,大寮,83.54,28.54,45.12,2.0,2023-03-24
51,大寮,96.65,33.76,60.88,2.53,2023-03-25
51,大寮,65.25,21.33,37.92,2.54,2023-03-26
51,大寮,86.79,29.92,50.96,1.92,2023-03-27
51,大寮,103.38,35.42,64.79,1.5,2023-03-28
51,大寮,106.46,37.71,59.83,1.58,2023-03-29
51,大寮,86.96,30.0,50.42,2.0,2023-03-30
51,大寮,82.33,28.17,50.04,2.0,2023-03-31
52,林園,98.08,34.38,68.71,2.0,2023-01-01
52,林園,77.75,26.29,50.21,1.42,2023-01-02
52,林園,95.62,33.42,62.46,1.0,2023-01-03
52,林園,63.12,20.42,45.67,1.0,2023-01-04
52,林園,88.62,30.62,65.08,1.5,2023-01-05
52,林園,98.0,34.29,73.67,1.29,2023-01-06
52,林園,88.04,29.96,64.75,2.0,2023-01-07
52,林園,90.79,29.08,61.58,1.17,2023-01-08
52,林園,112.71,39.96,80.79,1.0,2023-01-09
52,林園,119.88,42.88,93.04,1.38,2023-01-10
52,林園,106.5,37.58,76.04,1.83,2023-01-11
52,林園,94.17,32.92,73.29,1.0,2023-01-12
52,林園,85.42,29.54,63.29,0.88,2023-01-13
52,林園,37.0,11.29,28.71,0.0,2023-01-14
52,林園,51.88,16.38,40.54,0.17,2023-01-15
52,林園,54.33,16.96,47.0,1.29,2023-01-16
52,林園,74.75,25.08,55.38,2.0,2023-01-17
52,林園,78.71,26.71,61.38,2.0,2023-01-18
52,林園,107.12,37.92,77.75,2.0,2023-01-19
52,林園,101.96,35.92,77.25,2.0,2023-01-20
52,林園,87.08,29.92,68.33,2.0,2023-01-21
52,林園,85.75,29.38,61.46,2.0,2023-01-22
52,林園,58.5,18.67,43.08,2.25,2023-01-23
52,林園,62.54,15.29,57.29,1.21,2023-01-24
52,林園,61.67,20.0,53.08,1.67,2023-01-25
52,林園,53.96,16.75,41.75,2.38,2023-01-26
52,林園,67.08,21.79,52.33,2.38,2023-01-27
52,林園,76.54,25.88,62.58,2.0,2023-01-28
52,林園,79.54,27.0,58.88,2.58,2023-01-29
52,林園,94.12,32.08,66.42,2.25,2023-01-30
52,林園,74.46,23.38,53.38,1.5,2023-01-31
52,林園,59.88,19.08,51.42,1.88,2023-02-01
52,林園,89.21,30.88,72.96,3.25,2023-02-02
52,林園,116.21,41.33,102.29,2.54,2023-02-03
52,林園,101.58,35.67,87.33,1.96,2023-02-04
52,林園,106.92,37.67,77.5,1.96,2023-02-05
52,林園,86.25,29.71,63.46,3.04,2023-02-06
52,林園,76.96,25.96,55.21,1.96,2023-02-07
52,林園,101.38,35.67,77.5,1.21,2023-02-08
52,林園,90.08,31.33,71.25,1.83,2023-02-09
52,林園,77.33,26.08,59.12,1.33,2023-02-10
52,林園,81.71,27.83,62.33,1.58,2023-02-11
52,林園,63.17,20.5,51.83,1.42,2023-02-12
52,林園,32.96,8.38,30.5,0.75,2023-02-13
52,林園,69.67,23.5,59.33,1.0,2023-02-14
52,林園,79.25,26.92,65.17,1.71,2023-02-15
52,林園,71.96,23.46,62.75,1.92,2023-02-16
52,林園,72.46,23.96,69.33,1.08,2023-02-17
52,林園,90.96,27.71,66.04,1.0,2023-02-18
52,林園,73.58,23.42,61.54,1.21,2023-02-19
52,林園,131.75,47.17,100.88,1.38,2023-02-20
52,林園,83.5,26.46,82.58,1.54,2023-02-21
52,林園,68.46,20.71,66.83,2.29,2023-02-22
52,林園,78.12,26.58,65.46,1.71,2023-02-23
52,林園,92.25,32.0,74.5,1.0,2023-02-24
52,林園,69.38,22.92,56.25,1.33,2023-02-25
52,林園,73.25,24.33,61.0,2.0,2023-02-26
52,林園,65.0,19.92,55.25,2.33,2023-02-27
52,林園,80.54,27.5,67.75,2.04,2023-02-28
52,林園,82.0,27.67,70.88,2.0,2023-03-01
52,林園,99.0,33.83,69.79,2.0,2023-03-02
52,林園,85.88,28.08,81.12,1.92,2023-03-03
52,林園,80.12,26.0,62.38,1.0,2023-03-04
52,林園,119.58,35.33,70.71,1.71,2023-03-05
52,林園,88.17,24.12,53.67,2.0,2023-03-06
52,林園,75.79,21.96,55.21,1.25,2023-03-07
52,林園,63.38,18.21,49.62,1.0,2023-03-08
52,林園,81.79,26.92,62.17,1.5,2023-03-09
52,林園,122.25,40.21,76.67,2.0,2023-03-10
52,林園,90.79,28.12,57.88,1.46,2023-03-11
52,林園,75.71,23.71,53.0,1.08,2023-03-12
52,林園,65.46,21.08,60.46,1.88,2023-03-13
52,林園,73.71,20.17,58.88,1.33,2023-03-14
52,林園,68.92,20.71,55.54,1.0,2023-03-15
52,林園,81.21,25.54,56.42,1.5,2023-03-16
52,林園,81.33,27.75,65.83,2.0,2023-03-17
52,林園,68.21,22.5,55.25,2.0,2023-03-18
52,林園,78.67,26.42,61.5,1.88,2023-03-19
52,林園,61.83,19.88,51.12,1.5,2023-03-20
52,林園,53.96,16.29,37.08,1.0,2023-03-21
52,林園,39.12,12.04,29.88,0.58,2023-03-22
52,林園,30.08,8.92,24.88,0.33,2023-03-23
52,林園,73.33,23.67,53.42,1.0,2023-03-24
52,林園,85.82,29.53,60.35,1.71,2023-03-25
52,林園,56.33,17.67,45.29,2.08,2023-03-26
52,林園,73.62,24.54,49.54,2.0,2023-03-27
52,林園,88.0,29.75,70.79,2.0,2023-03-28
52,林園,82.75,28.33,62.96,2.0,2023-03-29
52,林園,75.96,25.62,55.17,2.0,2023-03-30
52,林園,76.42,24.79,53.67,1.83,2023-03-31
53,楠梓,82.46,28.21,51.0,1.88,2023-01-01
53,楠梓,67.42,22.29,41.08,0.75,2023-01-02
53,楠梓,78.42,26.71,46.04,0.08,2023-01-03
53,楠梓,53.0,16.92,36.17,1.04,2023-01-04
53,楠梓,77.92,26.46,55.42,1.71,2023-01-05
53,楠梓,77.17,26.17,57.08,1.0,2023-01-06
53,楠梓,81.12,27.75,59.5,1.33,2023-01-07
53,楠梓,117.71,42.0,78.04,1.88,2023-01-08
53,楠梓,131.79,48.25,91.04,1.08,2023-01-09
53,楠梓,118.38,42.25,81.29,1.42,2023-01-10
53,楠梓,110.96,39.33,72.92,1.0,2023-01-11
53,楠梓,114.29,40.75,80.17,1.0,2023-01-12
53,楠梓,86.08,28.88,60.96,1.46,2023-01-13
53,楠梓,37.12,7.5,33.92,2.62,2023-01-14
53,楠梓,50.08,14.92,41.04,1.0,2023-01-15
53,楠梓,41.42,12.71,36.88,1.5,2023-01-16
53,楠梓,61.29,19.83,44.96,1.67,2023-01-17
53,楠梓,66.67,21.92,46.42,0.67,2023-01-18
53,楠梓,95.88,33.67,67.12,1.0,2023-01-19
53,楠梓,95.08,33.38,69.12,1.0,2023-01-20
53,楠梓,74.79,24.75,55.25,1.0,2023-01-21
53,楠梓,89.29,31.0,59.54,1.0,2023-01-22
53,楠梓,55.88,17.75,35.58,1.62,2023-01-23
53,楠梓,69.83,14.42,63.54,1.0,2023-01-24
53,楠梓,59.62,18.96,47.54,1.0,2023-01-25
53,楠梓,56.88,18.12,37.5,1.0,2023-01-26
53,楠梓,72.71,23.29,55.88,1.0,2023-01-27
53,楠梓,71.5,23.83,56.96,0.96,2023-01-28
53,楠梓,80.54,27.54,55.12,1.0,2023-01-29
53,楠梓,86.25,29.71,58.54,1.0,2023-01-30
53,楠梓,77.96,26.29,54.12,1.0,2023-01-31
53,楠梓,63.88,20.62,50.96,1.0,2023-02-01
53,楠梓,90.75,31.54,69.88,1.0,2023-02-02
53,楠梓,97.17,34.25,79.83,1.92,2023-02-03
53,楠梓,94.67,33.21,72.17,1.58,2023-02-04
53,楠梓,122.67,43.92,70.5,1.0,2023-02-05
53,楠梓,86.62,29.96,49.17,1.0,2023-02-06
53,楠梓,90.83,31.67,56.42,1.58,2023-02-07
53,楠梓,122.62,43.88,79.96,2.0,2023-02-08
53,楠梓,129.62,46.58,78.92,2.0,2023-02-09
53,楠梓,88.12,30.33,56.75,2.0,2023-02-10
53,楠梓,91.62,31.79,56.83,2.12,2023-02-11
53,楠梓,81.33,27.33,53.5,2.08,2023-02-12
53,楠梓,33.42,8.71,29.71,1.88,2023-02-13
53,楠梓,62.71,20.46,47.5,1.0,2023-02-14
53,楠梓,61.92,19.88,50.54,1.08,2023-02-15
53,楠梓,66.96,21.88,55.33,2.0,2023-02-16
53,楠梓,71.38,23.79,62.29,1.5,2023-02-17
53,楠梓,101.96,35.5,70.75,1.0,2023-02-18
53,楠梓,91.5,31.79,62.08,1.25,2023-02-19
53,楠梓,121.88,42.96,92.08,2.0,2023-02-20
53,楠梓,82.83,24.96,79.71,2.0,2023-02-21
53,楠梓,60.35,18.3,52.91,2.0,2023-02-22
53,楠梓,81.67,27.92,57.29,1.12,2023-02-23
53,楠梓,93.54,32.54,63.88,1.0,2023-02-24
53,楠梓,66.96,21.92,50.25,1.0,2023-02-25
53,楠梓,62.67,19.79,50.29,1.0,2023-02-26
53,楠梓,55.92,17.46,47.33,1.0,2023-02-27
53,楠梓,84.46,29.12,61.54,1.0,2023-02-28
53,楠梓,88.71,30.54,58.67,1.0,2023-03-01
53,楠梓,103.21,35.92,81.67,2.0,2023-03-02
53,楠梓,81.79,26.88,76.42,2.0,2023-03-03
53,楠梓,83.33,27.92,62.29,1.08,2023-03-04
53,楠梓,102.04,33.33,65.12,1.0,2023-03-05
53,楠梓,81.42,25.79,62.08,1.21,2023-03-06
53,楠梓,78.96,24.88,56.08,1.42,2023-03-07
53,楠梓,62.17,17.33,46.83,1.08,2023-03-08
53,楠梓,80.67,23.38,60.54,2.0,2023-03-09
53,楠梓,117.58,37.71,75.17,2.0,2023-03-10
53,楠梓,82.04,25.46,50.62,1.54,2023-03-11
53,楠梓,66.71,20.58,41.83,1.0,2023-03-12
53,楠梓,62.62,19.54,60.04,1.0,2023-03-13
53,楠梓,65.62,19.21,58.67,1.71,2023-03-14
53,楠梓,70.21,21.62,58.0,1.62,2023-03-15
53,楠梓,82.67,28.33,60.25,1.0,2023-03-16
53,楠梓,85.08,29.04,65.67,1.54,2023-03-17
53,楠梓,70.21,23.29,49.46,2.0,2023-03-18
53,楠梓,76.46,25.75,54.62,1.42,2023-03-19
53,楠梓,70.12,23.33,58.42,1.0,2023-03-20
53,楠梓,55.04,17.29,43.04,1.25,2023-03-21
53,楠梓,48.46,14.46,38.08,0.5,2023-03-22
53,楠梓,40.17,12.04,28.75,0.0,2023-03-23
53,楠梓,75.08,25.25,44.92,0.46,2023-03-24
53,楠梓,94.12,32.71,71.65,1.0,2023-03-25
53,楠梓,55.88,17.58,33.88,1.0,2023-03-26
53,楠梓,78.33,26.46,51.17,1.33,2023-03-27
53,楠梓,86.25,29.38,59.17,1.29,2023-03-28
53,楠梓,92.71,32.29,59.62,1.25,2023-03-29
53,楠梓,75.38,25.46,48.92,1.21,2023-03-30
53,楠梓,81.58,27.92,54.58,1.67,2023-03-31
54,左營,89.71,31.08,56.33,1.54,2023-01-01
54,左營,75.58,25.54,45.88,1.0,2023-01-02
54,左營,82.67,28.29,48.17,1.0,2023-01-03
54,左營,59.17,18.96,35.29,1.0,2023-01-04
54,左營,80.96,27.75,52.83,1.46,2023-01-05
54,左營,87.42,30.29,58.12,1.25,2023-01-06
54,左營,88.71,30.71,55.33,0.79,2023-01-07
54,左營,121.54,44.08,76.25,1.79,2023-01-08
54,左營,137.92,51.88,90.33,1.75,2023-01-09
54,左營,124.09,44.59,81.82,1.0,2023-01-10
54,左營,107.86,38.14,72.43,0.14,2023-01-11
54,左營,112.17,39.75,76.21,1.0,2023-01-12
54,左營,99.67,34.83,64.12,1.54,2023-01-13
54,左營,32.33,9.88,21.46,1.62,2023-01-14
54,左營,56.67,18.33,36.96,0.42,2023-01-15
54,左營,50.83,16.08,39.79,1.0,2023-01-16
54,左營,69.67,23.17,42.29,1.46,2023-01-17
54,左營,80.96,27.71,51.17,1.08,2023-01-18
54,左營,107.46,38.04,69.25,1.46,2023-01-19
54,左營,103.58,36.46,72.67,1.96,2023-01-20
54,左營,83.17,27.88,56.25,1.38,2023-01-21
54,左營,101.96,35.88,63.83,1.0,2023-01-22
54,左營,63.04,20.46,38.29,1.0,2023-01-23
54,左營,74.92,16.46,68.25,0.58,2023-01-24
54,左營,64.12,20.88,50.88,0.67,2023-01-25
54,左營,61.33,19.71,41.79,1.0,2023-01-26
54,左營,78.04,23.92,63.92,1.0,2023-01-27
54,左營,71.08,23.83,58.0,1.0,2023-01-28
54,左營,81.25,27.79,56.42,1.0,2023-01-29
54,左營,96.92,33.42,63.29,1.25,2023-01-30
54,左營,85.92,28.17,59.62,1.79,2023-01-31
54,左營,70.71,23.0,54.33,1.0,2023-02-01
54,左營,99.83,35.0,73.75,1.0,2023-02-02
54,左營,95.12,33.21,78.67,1.0,2023-02-03
54,左營,92.58,32.33,71.96,1.42,2023-02-04
54,左營,114.71,40.88,74.08,1.12,2023-02-05
54,左營,85.79,29.58,57.5,0.75,2023-02-06
54,左營,85.58,29.38,57.33,1.0,2023-02-07
54,左營,110.12,39.0,78.67,1.0,2023-02-08
54,左營,117.67,41.92,76.12,1.08,2023-02-09
54,左營,83.46,28.62,57.42,1.42,2023-02-10
54,左營,89.88,30.38,61.0,1.0,2023-02-11
54,左營,77.12,26.33,55.0,1.12,2023-02-12
54,左營,32.67,8.33,27.75,2.0,2023-02-13
54,左營,62.54,20.58,46.38,1.0,2023-02-14
54,左營,66.33,21.75,55.67,1.0,2023-02-15
54,左營,66.71,21.54,52.83,1.0,2023-02-16
54,左營,75.12,25.04,67.62,1.0,2023-02-17
54,左營,104.58,36.62,67.79,1.0,2023-02-18
54,左營,78.75,26.71,59.42,1.25,2023-02-19
54,左營,124.38,43.92,89.67,1.25,2023-02-20
54,左營,79.17,24.83,76.42,1.75,2023-02-21
54,左營,55.17,17.12,49.46,1.67,2023-02-22
54,左營,74.54,25.08,52.38,0.75,2023-02-23
54,左營,88.71,30.75,57.75,0.25,2023-02-24
54,左營,69.54,22.79,52.38,1.0,2023-02-25
54,左營,65.67,20.83,53.29,1.0,2023-02-26
54,左營,56.75,17.54,47.38,1.25,2023-02-27
54,左營,76.58,25.88,58.12,1.08,2023-02-28
54,左營,97.79,34.21,64.12,1.0,2023-03-01
54,左營,110.0,39.04,81.58,1.21,2023-03-02
54,左營,81.88,26.67,73.42,1.88,2023-03-03
54,左營,88.04,29.88,66.04,2.0,2023-03-04
54,左營,111.46,36.21,71.42,1.96,2023-03-05
54,左營,89.25,27.71,62.38,1.62,2023-03-06
54,左營,71.17,19.21,47.92,1.42,2023-03-07
54,左營,67.83,17.08,43.29,1.0,2023-03-08
54,左營,87.33,24.38,54.5,1.0,2023-03-09
54,左營,119.04,36.08,67.54,1.54,2023-03-10
54,左營,82.54,23.79,48.79,1.5,2023-03-11
54,左營,70.62,20.08,46.33,1.0,2023-03-12
54,左營,65.5,21.25,59.0,1.0,2023-03-13
54,左營,73.96,21.33,55.88,1.42,2023-03-14
54,左營,70.83,21.54,50.04,1.0,2023-03-15
54,左營,82.21,25.92,56.92,1.0,2023-03-16
54,左營,86.58,29.67,66.71,1.0,2023-03-17
54,左營,64.29,20.88,47.58,1.0,2023-03-18
54,左營,76.67,25.46,56.12,1.0,2023-03-19
54,左營,72.42,23.29,57.58,1.0,2023-03-20
54,左營,51.62,16.08,38.5,1.0,2023-03-21
54,左營,30.71,9.17,23.17,0.04,2023-03-22
54,左營,26.71,7.88,19.08,0.0,2023-03-23
54,左營,69.83,23.33,40.54,0.96,2023-03-24
54,左營,89.59,30.65,71.06,1.0,2023-03-25
54,左營,51.08,15.96,35.71,1.0,2023-03-26
54,左營,80.06,27.29,46.41,1.0,2023-03-27
54,左營,75.0,25.33,50.83,1.0,2023-03-28
54,左營,100.42,35.29,55.33,1.0,2023-03-29
54,左營,88.83,30.75,49.62,1.0,2023-03-30
54,左營,96.67,33.71,54.62,1.62,2023-03-31
56,前金,101.5,35.75,57.29,0.92,2023-01-01
56,前金,83.5,28.67,46.75,1.0,2023-01-02
56,前金,94.08,32.83,48.04,1.0,2023-01-03
56,前金,63.83,20.71,34.92,0.88,2023-01-04
56,前金,87.38,30.21,52.71,0.88,2023-01-05
56,前金,97.25,34.04,59.17,0.54,2023-01-06
56,前金,87.5,30.46,50.5,0.67,2023-01-07
56,前金,125.25,45.88,78.62,1.71,2023-01-08
56,前金,137.38,51.33,84.42,1.12,2023-01-09
56,前金,128.08,47.0,81.33,1.75,2023-01-10
56,前金,120.58,43.04,71.88,1.29,2023-01-11
56,前金,114.88,40.88,72.96,1.0,2023-01-12
56,前金,95.25,33.21,59.71,1.79,2023-01-13
56,前金,34.08,9.21,22.25,1.0,2023-01-14
56,前金,53.96,17.33,36.25,0.17,2023-01-15
56,前金,51.71,16.17,38.04,0.42,2023-01-16
56,前金,71.46,23.75,41.42,1.0,2023-01-17
56,前金,78.5,26.62,47.92,0.83,2023-01-18
56,前金,107.04,37.92,65.12,1.0,2023-01-19
56,前金,107.0,38.0,68.12,1.25,2023-01-20
56,前金,86.67,29.46,54.88,2.0,2023-01-21
56,前金,107.17,37.83,59.75,1.0,2023-01-22
56,前金,67.21,22.17,37.08,1.0,2023-01-23
56,前金,70.71,17.67,61.33,0.71,2023-01-24
56,前金,69.75,23.12,49.17,0.79,2023-01-25
56,前金,65.29,21.33,39.79,1.0,2023-01-26
56,前金,78.25,26.0,57.5,1.0,2023-01-27
56,前金,75.54,25.42,55.12,1.0,2023-01-28
56,前金,84.0,28.88,54.46,1.0,2023-01-29
56,前金,98.42,34.08,60.58,1.0,2023-01-30
56,前金,79.5,26.96,53.29,1.0,2023-01-31
56,前金,64.04,20.83,44.0,1.0,2023-02-01
56,前金,99.08,34.62,68.75,1.0,2023-02-02
56,前金,102.29,36.08,80.17,1.0,2023-02-03
56,前金,103.0,36.25,75.08,1.0,2023-02-04
56,前金,120.5,43.17,72.83,0.71,2023-02-05
56,前金,95.0,33.21,54.62,1.0,2023-02-06
56,前金,92.88,32.38,56.96,1.0,2023-02-07
56,前金,118.08,42.29,74.75,1.0,2023-02-08
56,前金,117.46,41.83,69.04,0.88,2023-02-09
56,前金,71.38,23.75,47.12,0.5,2023-02-10
56,前金,79.83,27.29,51.62,1.0,2023-02-11
56,前金,79.54,27.29,53.42,1.0,2023-02-12
56,前金,31.04,8.42,21.62,1.33,2023-02-13
56,前金,64.88,21.46,43.42,1.0,2023-02-14
56,前金,71.41,23.76,45.94,1.0,2023-02-15
56,前金,63.0,19.8,51.2,2.0,2023-02-16
56,前金,80.5,27.58,62.75,1.79,2023-02-17
56,前金,98.12,32.54,61.58,0.17,2023-02-18
56,前金,84.21,28.83,56.46,0.29,2023-02-19
56,前金,132.21,47.12,87.54,0.79,2023-02-20
56,前金,82.67,27.58,72.79,1.25,2023-02-21
56,前金,57.92,18.5,44.88,1.25,2023-02-22
56,前金,81.75,27.88,51.08,0.42,2023-02-23
56,前金,95.29,33.17,55.96,0.0,2023-02-24
56,前金,75.75,25.62,54.88,0.62,2023-02-25
56,前金,70.29,23.12,54.33,1.0,2023-02-26
56,前金,62.88,20.04,46.38,1.0,2023-02-27
56,前金,85.04,29.33,56.71,0.62,2023-02-28
56,前金,103.33,36.29,61.5,0.42,2023-03-01
56,前金,113.62,40.42,77.25,1.0,2023-03-02
56,前金,88.71,29.33,69.92,1.0,2023-03-03
56,前金,82.42,27.62,58.38,1.0,2023-03-04
56,前金,117.92,38.67,72.29,1.54,2023-03-05
56,前金,90.38,27.67,55.58,1.46,2023-03-06
56,前金,74.08,20.71,44.17,1.0,2023-03-07
56,前金,71.04,18.88,37.92,1.0,2023-03-08
56,前金,85.58,24.21,47.0,1.0,2023-03-09
56,前金,124.04,37.79,64.42,1.0,2023-03-10
56,前金,83.46,23.79,45.17,1.0,2023-03-11
56,前金,67.54,18.83,36.12,1.0,2023-03-12
56,前金,71.0,23.75,58.29,1.0,2023-03-13
56,前金,74.21,22.17,52.25,1.0,2023-03-14
56,前金,73.25,22.12,46.79,1.0,2023-03-15
56,前金,85.54,27.12,53.58,1.0,2023-03-16
56,前金,90.04,31.17,65.88,1.0,2023-03-17
56,前金,68.67,22.54,45.62,1.0,2023-03-18
56,前金,84.83,28.96,57.38,1.0,2023-03-19
56,前金,75.79,25.0,54.54,1.0,2023-03-20
56,前金,56.5,17.92,38.46,1.0,2023-03-21
56,前金,37.92,11.67,21.75,0.46,2023-03-22
56,前金,32.62,10.04,15.04,0.0,2023-03-23
56,前金,74.04,24.83,36.46,0.62,2023-03-24
56,前金,91.06,31.59,61.88,1.0,2023-03-25
56,前金,55.0,17.17,33.5,0.71,2023-03-26
56,前金,78.46,26.67,47.5,1.0,2023-03-27
56,前金,86.62,29.21,56.79,1.0,2023-03-28
56,前金,92.75,32.25,54.12,1.0,2023-03-29
56,前金,77.88,25.83,45.75,1.0,2023-03-30
56,前金,83.42,28.54,48.38,1.0,2023-03-31
57,前鎮,103.42,36.5,64.54,2.0,2023-01-01
57,前鎮,91.62,31.71,47.12,1.42,2023-01-02
57,前鎮,97.25,34.08,52.38,1.0,2023-01-03
57,前鎮,67.25,22.17,40.38,1.0,2023-01-04
57,前鎮,95.5,33.38,60.54,1.0,2023-01-05
57,前鎮,102.54,36.25,64.71,1.0,2023-01-06
57,前鎮,90.33,31.42,62.83,1.75,2023-01-07
57,前鎮,113.96,40.5,80.46,3.0,2023-01-08
57,前鎮,130.62,47.33,89.5,2.08,2023-01-09
57,前鎮,124.79,45.08,90.62,1.17,2023-01-10
57,前鎮,113.96,40.5,79.54,1.5,2023-01-11
57,前鎮,111.38,39.42,80.0,2.0,2023-01-12
57,前鎮,97.04,33.92,69.83,2.0,2023-01-13
57,前鎮,31.38,8.58,26.75,1.5,2023-01-14
57,前鎮,52.71,16.46,43.0,0.54,2023-01-15
57,前鎮,49.46,15.42,46.08,1.12,2023-01-16
57,前鎮,67.29,22.08,48.75,1.71,2023-01-17
57,前鎮,77.12,25.96,53.67,1.12,2023-01-18
57,前鎮,101.29,35.58,70.92,1.62,2023-01-19
57,前鎮,102.54,36.17,76.21,2.0,2023-01-20
57,前鎮,82.08,28.25,61.42,2.0,2023-01-21
57,前鎮,99.83,35.08,62.08,2.0,2023-01-22
57,前鎮,64.21,21.0,39.83,1.42,2023-01-23
57,前鎮,73.46,16.42,66.83,1.0,2023-01-24
57,前鎮,61.71,19.79,54.21,1.25,2023-01-25
57,前鎮,58.0,18.46,42.83,1.54,2023-01-26
57,前鎮,71.83,22.54,58.42,1.0,2023-01-27
57,前鎮,71.29,23.71,61.46,1.0,2023-01-28
57,前鎮,79.46,27.0,59.33,1.0,2023-01-29
57,前鎮,93.79,32.67,67.08,1.79,2023-01-30
57,前鎮,77.04,25.71,58.92,1.96,2023-01-31
57,前鎮,62.46,20.08,52.29,1.12,2023-02-01
57,前鎮,98.62,34.58,74.29,1.62,2023-02-02
57,前鎮,108.62,38.33,91.29,1.0,2023-02-03
57,前鎮,109.21,38.79,83.12,0.33,2023-02-04
57,前鎮,125.21,45.04,73.83,1.25,2023-02-05
57,前鎮,98.67,34.62,62.96,2.0,2023-02-06
57,前鎮,89.38,30.96,62.04,2.08,2023-02-07
57,前鎮,123.38,44.79,83.88,3.17,2023-02-08
57,前鎮,116.38,41.42,70.17,2.25,2023-02-09
57,前鎮,73.12,24.54,49.79,2.58,2023-02-10
57,前鎮,84.67,29.0,53.5,3.0,2023-02-11
57,前鎮,72.92,24.21,52.04,2.67,2023-02-12
57,前鎮,29.92,8.08,26.67,1.67,2023-02-13
57,前鎮,67.17,22.42,49.92,1.0,2023-02-14
57,前鎮,70.5,23.12,56.58,1.08,2023-02-15
57,前鎮,69.62,22.83,59.17,2.0,2023-02-16
57,前鎮,76.04,25.17,70.08,2.0,2023-02-17
57,前鎮,91.79,31.92,69.58,2.0,2023-02-18
57,前鎮,84.0,28.67,58.0,2.0,2023-02-19
57,前鎮,127.92,45.38,94.12,2.0,2023-02-20
57,前鎮,82.21,25.62,80.04,2.0,2023-02-21
57,前鎮,58.88,17.96,54.79,1.54,2023-02-22
57,前鎮,83.42,28.5,60.67,1.0,2023-02-23
57,前鎮,99.54,34.88,66.12,0.67,2023-02-24
57,前鎮,72.79,24.29,56.0,0.71,2023-02-25
57,前鎮,68.96,22.04,57.42,1.0,2023-02-26
57,前鎮,58.17,18.38,50.62,1.29,2023-02-27
57,前鎮,78.46,26.62,62.83,1.12,2023-02-28
57,前鎮,93.88,31.0,71.46,1.0,2023-03-01
57,前鎮,108.29,38.17,86.75,1.54,2023-03-02
57,前鎮,84.21,28.12,78.79,1.92,2023-03-03
57,前鎮,78.38,25.88,66.25,1.0,2023-03-04
57,前鎮,107.21,36.38,76.62,1.62,2023-03-05
57,前鎮,79.62,25.67,56.67,1.46,2023-03-06
57,前鎮,63.08,19.0,46.08,1.0,2023-03-07
57,前鎮,59.71,16.67,40.75,1.0,2023-03-08
57,前鎮,71.75,23.29,52.04,1.12,2023-03-09
57,前鎮,112.67,36.62,68.46,1.62,2023-03-10
57,前鎮,75.75,24.12,47.54,1.54,2023-03-11
57,前鎮,66.75,21.04,42.58,1.0,2023-03-12
57,前鎮,68.92,22.83,62.75,1.0,2023-03-13
57,前鎮,72.88,23.79,57.92,1.88,2023-03-14
57,前鎮,69.62,21.71,53.08,1.0,2023-03-15
57,前鎮,80.29,26.79,55.42,1.38,2023-03-16
57,前鎮,94.75,32.96,66.83,2.0,2023-03-17
57,前鎮,63.83,20.67,45.42,1.42,2023-03-18
57,前鎮,81.14,27.76,61.24,1.38,2023-03-19
57,前鎮,74.88,25.25,56.38,1.83,2023-03-20
57,前鎮,60.33,19.33,43.17,1.92,2023-03-21
57,前鎮,38.29,11.79,25.71,1.08,2023-03-22
57,前鎮,33.46,10.17,22.04,0.17,2023-03-23
57,前鎮,74.75,25.25,40.71,1.0,2023-03-24
57,前鎮,92.06,32.06,60.65,1.24,2023-03-25
57,前鎮,54.67,17.21,37.0,0.92,2023-03-26
57,前鎮,74.83,25.17,47.08,0.79,2023-03-27
57,前鎮,93.25,32.29,64.12,1.0,2023-03-28
57,前鎮,95.38,33.33,58.17,1.0,2023-03-29
57,前鎮,78.88,26.75,49.04,1.0,2023-03-30
57,前鎮,86.62,29.88,54.29,1.58,2023-03-31
58,小港,104.17,36.83,59.92,2.0,2023-01-01
58,小港,84.12,28.79,40.5,1.0,2023-01-02
58,小港,97.5,34.33,48.04,0.0,2023-01-03
58,小港,69.92,23.21,40.42,0.79,2023-01-04
58,小港,98.88,34.79,61.17,1.33,2023-01-05
58,小港,104.54,36.88,64.67,1.38,2023-01-06
58,小港,96.5,33.79,55.96,1.54,2023-01-07
58,小港,113.67,40.29,68.38,2.0,2023-01-08
58,小港,132.08,47.58,79.42,2.0,2023-01-09
58,小港,131.58,48.58,79.12,1.5,2023-01-10
58,小港,129.08,46.38,69.75,1.0,2023-01-11
58,小港,119.75,42.83,68.42,1.38,2023-01-12
58,小港,96.5,33.62,57.0,1.58,2023-01-13
58,小港,40.92,12.67,23.71,1.33,2023-01-14
58,小港,61.33,20.21,37.29,0.38,2023-01-15
58,小港,58.46,18.54,41.04,1.0,2023-01-16
58,小港,75.04,25.21,46.67,1.25,2023-01-17
58,小港,83.12,28.58,47.17,1.0,2023-01-18
58,小港,109.54,38.96,67.08,1.58,2023-01-19
58,小港,110.71,39.29,71.71,1.5,2023-01-20
58,小港,90.58,31.54,59.83,1.21,2023-01-21
58,小港,98.79,34.62,57.0,1.21,2023-01-22
58,小港,69.0,22.79,35.79,1.0,2023-01-23
58,小港,69.33,18.46,57.71,0.58,2023-01-24
58,小港,70.71,23.5,48.54,0.5,2023-01-25
58,小港,64.33,20.92,37.46,1.0,2023-01-26
58,小港,73.29,24.46,51.08,1.0,2023-01-27
58,小港,79.83,27.21,57.38,1.0,2023-01-28
58,小港,85.54,29.67,54.75,1.38,2023-01-29
58,小港,108.21,38.29,65.25,2.5,2023-01-30
58,小港,79.79,27.21,50.04,2.08,2023-01-31
58,小港,70.38,23.33,43.21,1.42,2023-02-01
58,小港,94.5,33.08,62.0,1.54,2023-02-02
58,小港,114.17,40.67,86.38,1.62,2023-02-03
58,小港,115.33,40.92,77.5,1.21,2023-02-04
58,小港,128.79,46.25,68.08,1.75,2023-02-05
58,小港,98.79,34.62,56.04,1.33,2023-02-06
58,小港,91.33,31.75,55.67,1.29,2023-02-07
58,小港,125.96,45.88,72.79,1.88,2023-02-08
58,小港,118.12,42.04,66.5,1.42,2023-02-09
58,小港,84.62,28.92,49.21,1.17,2023-02-10
58,小港,88.83,30.71,51.38,2.0,2023-02-11
58,小港,67.75,22.75,43.08,2.38,2023-02-12
58,小港,33.83,10.38,24.12,1.38,2023-02-13
58,小港,71.88,24.12,46.12,0.0,2023-02-14
58,小港,74.83,25.12,52.5,0.88,2023-02-15
58,小港,74.29,24.88,56.08,1.83,2023-02-16
58,小港,79.0,26.92,64.75,1.38,2023-02-17
58,小港,91.42,31.88,60.54,1.5,2023-02-18
58,小港,84.79,29.21,51.58,1.33,2023-02-19
58,小港,134.71,48.83,89.29,1.08,2023-02-20
58,小港,84.62,28.71,76.46,1.75,2023-02-21
58,小港,63.71,20.62,50.58,1.33,2023-02-22
58,小港,85.38,29.54,52.67,1.0,2023-02-23
58,小港,104.75,36.96,60.92,0.75,2023-02-24
58,小港,74.79,25.12,50.12,0.75,2023-02-25
58,小港,71.17,23.67,53.88,1.0,2023-02-26
58,小港,66.88,21.75,49.75,1.62,2023-02-27
58,小港,84.5,29.12,57.25,1.38,2023-02-28
58,小港,88.88,30.71,58.79,1.0,2023-03-01
58,小港,109.0,38.54,71.04,1.46,2023-03-02
58,小港,89.42,31.17,73.42,1.62,2023-03-03
58,小港,82.21,28.17,56.62,1.0,2023-03-04
58,小港,110.29,37.96,65.62,1.71,2023-03-05
58,小港,89.71,28.62,55.21,1.46,2023-03-06
58,小港,73.42,22.75,45.33,1.0,2023-03-07
58,小港,59.79,18.21,41.0,1.0,2023-03-08
58,小港,78.08,24.88,49.83,1.0,2023-03-09
58,小港,114.75,39.12,65.71,1.67,2023-03-10
58,小港,86.33,28.79,49.46,1.38,2023-03-11
58,小港,71.21,22.58,39.92,1.0,2023-03-12
58,小港,75.5,25.46,61.5,1.0,2023-03-13
58,小港,74.71,25.08,58.12,1.0,2023-03-14
58,小港,69.38,22.21,44.04,1.42,2023-03-15
58,小港,78.96,26.88,50.96,1.92,2023-03-16
58,小港,94.92,33.17,58.88,1.0,2023-03-17
58,小港,71.29,23.83,45.5,1.0,2023-03-18
58,小港,80.12,27.21,51.92,1.21,2023-03-19
58,小港,78.92,26.92,52.96,1.83,2023-03-20
58,小港,66.67,21.79,36.58,2.42,2023-03-21
58,小港,48.88,15.0,22.75,1.0,2023-03-22
58,小港,44.58,13.58,18.42,1.0,2023-03-23
58,小港,83.08,28.42,37.04,0.96,2023-03-24
58,小港,99.94,35.12,59.12,1.0,2023-03-25
58,小港,62.96,20.5,33.17,1.0,2023-03-26
58,小港,84.71,29.25,41.04,1.71,2023-03-27
58,小港,99.04,34.75,59.75,1.5,2023-03-28
58,小港,99.17,34.75,52.88,1.0,2023-03-29
58,小港,89.75,31.08,45.46,1.0,2023-03-30
58,小港,88.42,30.46,47.92,1.71,2023-03-31
71,復興,94.83,33.21,60.46,1.0,2023-01-01
71,復興,76.92,26.0,46.08,0.42,2023-01-02
71,復興,87.12,30.21,49.29,0.04,2023-01-03
71,復興,63.29,20.58,37.62,1.0,2023-01-04
71,復興,88.29,30.5,54.79,1.0,2023-01-05
71,復興,95.42,33.38,58.46,1.0,2023-01-06
71,復興,89.17,30.83,55.67,1.0,2023-01-07
71,復興,115.54,41.08,73.46,1.17,2023-01-08
71,復興,126.67,45.79,81.71,1.0,2023-01-09
71,復興,122.5,44.0,82.04,1.0,2023-01-10
71,復興,112.29,39.88,73.83,1.0,2023-01-11
71,復興,111.33,39.46,76.42,1.0,2023-01-12
71,復興,93.88,32.58,62.58,1.08,2023-01-13
71,復興,27.62,7.38,24.42,1.08,2023-01-14
71,復興,52.58,16.5,41.33,0.17,2023-01-15
71,復興,53.46,16.88,44.54,1.0,2023-01-16
71,復興,72.33,24.12,46.96,1.0,2023-01-17
71,復興,80.67,27.58,50.38,0.58,2023-01-18
71,復興,106.54,37.79,69.46,1.0,2023-01-19
71,復興,109.67,38.96,74.08,1.0,2023-01-20
71,復興,82.92,28.46,59.96,1.0,2023-01-21
71,復興,94.75,33.12,59.83,1.0,2023-01-22
71,復興,60.0,19.38,38.62,0.5,2023-01-23
71,復興,66.75,15.92,59.0,0.0,2023-01-24
71,復興,63.88,20.75,50.42,0.0,2023-01-25
71,復興,63.83,20.75,44.5,0.67,2023-01-26
71,復興,72.33,23.58,56.29,0.96,2023-01-27
71,復興,73.12,24.58,56.67,0.75,2023-01-28
71,復興,81.21,27.83,56.67,0.88,2023-01-29
71,復興,99.25,34.83,65.42,0.71,2023-01-30
71,復興,81.17,27.67,54.04,1.5,2023-01-31
71,復興,66.21,21.58,46.46,1.0,2023-02-01
71,復興,99.04,34.79,67.04,1.0,2023-02-02
71,復興,105.21,37.21,80.54,1.0,2023-02-03
71,復興,107.71,38.25,76.67,1.0,2023-02-04
71,復興,120.71,43.12,70.04,1.0,2023-02-05
71,復興,92.21,32.21,56.42,1.0,2023-02-06
71,復興,86.42,29.83,57.58,1.0,2023-02-07
71,復興,119.88,43.08,76.46,1.0,2023-02-08
71,復興,109.67,38.58,70.17,1.0,2023-02-09
71,復興,67.92,22.46,51.29,1.08,2023-02-10
71,復興,79.38,27.08,55.38,1.0,2023-02-11
71,復興,66.33,21.62,47.17,1.0,2023-02-12
71,復興,27.92,7.5,24.71,1.0,2023-02-13
71,復興,71.08,23.92,45.58,1.0,2023-02-14
71,復興,70.71,23.54,52.71,1.0,2023-02-15
71,復興,67.08,22.08,54.12,1.0,2023-02-16
71,復興,78.92,26.79,67.0,1.0,2023-02-17
71,復興,94.88,33.12,64.42,1.0,2023-02-18
71,復興,84.08,28.96,58.67,1.0,2023-02-19
71,復興,132.71,47.75,87.21,1.0,2023-02-20
71,復興,80.17,26.67,74.71,1.29,2023-02-21
71,復興,59.54,19.0,50.25,1.17,2023-02-22
71,復興,83.62,28.71,52.79,0.33,2023-02-23
71,復興,96.62,33.75,58.29,0.0,2023-02-24
71,復興,73.0,24.42,52.21,0.71,2023-02-25
71,復興,69.75,23.04,54.17,1.0,2023-02-26
71,復興,56.75,17.71,47.62,1.0,2023-02-27
71,復興,81.71,28.08,58.25,0.71,2023-02-28
71,復興,93.12,32.33,60.54,0.88,2023-03-01
71,復興,111.42,39.54,71.25,1.0,2023-03-02
71,復興,83.96,28.88,72.29,1.0,2023-03-03
71,復興,80.08,27.38,57.21,1.0,2023-03-04
71,復興,112.54,38.58,67.79,1.54,2023-03-05
71,復興,79.62,26.38,54.42,1.42,2023-03-06
71,復興,69.29,20.58,46.62,1.0,2023-03-07
71,復興,59.67,16.42,41.75,1.0,2023-03-08
71,復興,75.5,23.29,49.88,1.0,2023-03-09
71,復興,118.17,38.92,66.62,1.75,2023-03-10
71,復興,81.08,25.88,48.5,1.42,2023-03-11
71,復興,66.46,20.92,40.25,0.92,2023-03-12
71,復興,69.08,22.83,59.08,1.0,2023-03-13
71,復興,67.79,21.08,54.46,1.0,2023-03-14
71,復興,65.04,19.92,46.0,1.0,2023-03-15
71,復興,77.71,25.92,50.0,1.0,2023-03-16
71,復興,92.92,32.38,63.88,1.0,2023-03-17
71,復興,64.46,20.92,43.33,1.0,2023-03-18
71,復興,80.21,27.38,52.58,1.0,2023-03-19
71,復興,76.12,25.71,54.79,1.0,2023-03-20
71,復興,60.67,19.54,40.04,1.88,2023-03-21
71,復興,38.79,11.96,24.46,0.42,2023-03-22
71,復興,35.25,10.83,19.79,0.0,2023-03-23
71,復興,73.21,24.71,38.12,0.42,2023-03-24
71,復興,88.76,30.71,58.88,1.0,2023-03-25
71,復興,56.46,17.92,35.38,0.5,2023-03-26
71,復興,76.71,25.96,44.5,0.83,2023-03-27
71,復興,88.46,30.79,58.04,1.0,2023-03-28
71,復興,90.29,31.25,53.08,1.0,2023-03-29
71,復興,75.33,25.29,43.75,0.46,2023-03-30
71,復興,83.33,28.54,49.54,1.0,2023-03-31
202,高雄(湖內),78.75,26.67,42.79,2.0,2023-01-01
202,高雄(湖內),61.33,19.96,33.17,1.21,2023-01-02
202,高雄(湖內),77.88,26.42,36.75,1.0,2023-01-03
202,高雄(湖內),60.0,19.25,27.62,1.0,2023-01-04
202,高雄(湖內),74.08,24.83,40.54,2.0,2023-01-05
202,高雄(湖內),83.75,28.75,47.29,1.83,2023-01-06
202,高雄(湖內),78.67,26.79,42.29,2.12,2023-01-07
202,高雄(湖內),132.96,49.29,74.88,2.75,2023-01-08
202,高雄(湖內),135.79,51.38,84.71,1.46,2023-01-09
202,高雄(湖內),117.21,41.75,68.96,1.25,2023-01-10
202,高雄(湖內),112.38,40.0,64.29,1.88,2023-01-11
202,高雄(湖內),122.0,43.71,70.5,1.04,2023-01-12
202,高雄(湖內),97.12,33.92,52.12,2.0,2023-01-13
202,高雄(湖內),38.54,11.88,22.29,1.62,2023-01-14
202,高雄(湖內),53.25,17.0,30.38,0.29,2023-01-15
202,高雄(湖內),44.67,13.92,27.04,0.92,2023-01-16
202,高雄(湖內),68.21,22.46,30.54,1.71,2023-01-17
202,高雄(湖內),74.0,24.83,36.29,1.38,2023-01-18
202,高雄(湖內),88.96,30.88,49.58,1.46,2023-01-19
202,高雄(湖內),93.92,32.83,56.67,2.0,2023-01-20
202,高雄(湖內),74.08,25.0,47.25,2.0,2023-01-21
202,高雄(湖內),87.83,30.33,52.67,1.5,2023-01-22
202,高雄(湖內),60.0,19.38,32.21,1.5,2023-01-23
202,高雄(湖內),66.54,15.08,59.54,1.0,2023-01-24
202,高雄(湖內),58.67,18.75,39.54,1.0,2023-01-25
202,高雄(湖內),59.12,18.83,33.04,1.0,2023-01-26
202,高雄(湖內),67.5,22.04,48.58,1.0,2023-01-27
202,高雄(湖內),65.75,21.46,45.67,1.0,2023-01-28
202,高雄(湖內),75.62,25.54,44.29,1.5,2023-01-29
202,高雄(湖內),93.96,32.67,52.21,2.0,2023-01-30
202,高雄(湖內),83.25,28.42,51.88,2.17,2023-01-31
202,高雄(湖內),64.0,20.79,38.33,1.42,2023-02-01
202,高雄(湖內),107.42,38.04,69.71,1.83,2023-02-02
202,高雄(湖內),84.88,29.25,61.67,2.0,2023-02-03
202,高雄(湖內),86.0,29.67,60.58,1.29,2023-02-04
202,高雄(湖內),101.25,35.38,66.79,1.62,2023-02-05
202,高雄(湖內),84.71,28.96,44.96,2.0,2023-02-06
202,高雄(湖內),91.67,31.79,52.29,2.0,2023-02-07
202,高雄(湖內),105.62,37.29,64.67,1.04,2023-02-08
202,高雄(湖內),118.25,42.21,67.42,1.0,2023-02-09
202,高雄(湖內),103.04,36.21,58.42,1.38,2023-02-10
202,高雄(湖內),95.36,33.18,53.86,1.5,2023-02-11
202,高雄(湖內),86.21,29.88,52.75,1.33,2023-02-12
202,高雄(湖內),36.88,11.33,21.58,1.96,2023-02-13
202,高雄(湖內),58.79,18.79,35.62,1.0,2023-02-14
202,高雄(湖內),55.83,17.58,40.04,0.62,2023-02-15
202,高雄(湖內),59.21,18.88,40.54,1.92,2023-02-16
202,高雄(湖內),64.88,21.17,48.42,1.79,2023-02-17
202,高雄(湖內),123.46,46.96,75.58,2.0,2023-02-18
202,高雄(湖內),107.71,37.92,62.75,1.38,2023-02-19
202,高雄(湖內),110.12,38.5,70.71,1.58,2023-02-20
202,高雄(湖內),59.08,18.0,52.29,2.0,2023-02-21
202,高雄(湖內),44.58,13.79,35.17,2.0,2023-02-22
202,高雄(湖內),69.88,23.17,41.5,1.17,2023-02-23
202,高雄(湖內),74.62,25.25,42.54,0.67,2023-02-24
202,高雄(湖內),63.62,20.71,40.71,0.71,2023-02-25
202,高雄(湖內),51.88,16.21,37.79,1.04,2023-02-26
202,高雄(湖內),50.92,15.92,35.17,1.67,2023-02-27
202,高雄(湖內),72.58,24.25,49.54,1.71,2023-02-28
202,高雄(湖內),101.08,35.58,56.25,1.0,2023-03-01
202,高雄(湖內),91.71,31.92,59.79,1.75,2023-03-02
202,高雄(湖內),77.38,25.75,56.88,2.71,2023-03-03
202,高雄(湖內),76.54,25.21,51.67,2.5,2023-03-04
202,高雄(湖內),101.67,33.88,61.04,2.0,2023-03-05
202,高雄(湖內),80.75,25.25,48.79,1.62,2023-03-06
202,高雄(湖內),82.21,25.67,45.42,1.0,2023-03-07
202,高雄(湖內),63.79,20.08,38.88,1.17,2023-03-08
202,高雄(湖內),84.54,25.58,47.5,1.0,2023-03-09
202,高雄(湖內),112.79,35.42,56.79,1.71,2023-03-10
202,高雄(湖內),76.04,24.38,42.38,1.46,2023-03-11
202,高雄(湖內),64.54,20.25,38.92,1.04,2023-03-12
202,高雄(湖內),64.29,20.75,53.62,1.08,2023-03-13
202,高雄(湖內),58.17,18.21,46.38,1.0,2023-03-14
202,高雄(湖內),68.21,21.67,47.33,1.25,2023-03-15
202,高雄(湖內),90.79,31.42,55.17,1.96,2023-03-16
202,高雄(湖內),79.88,27.21,54.46,1.0,2023-03-17
202,高雄(湖內),67.08,22.0,43.88,1.0,2023-03-18
202,高雄(湖內),69.25,22.92,42.46,1.33,2023-03-19
202,高雄(湖內),69.33,22.92,51.04,1.46,2023-03-20
202,高雄(湖內),57.58,18.29,36.62,1.83,2023-03-21
202,高雄(湖內),55.79,18.04,33.92,1.0,2023-03-22
202,高雄(湖內),42.21,13.0,23.29,1.0,2023-03-23
202,高雄(湖內),72.46,24.21,37.0,1.0,2023-03-24
202,高雄(湖內),83.82,28.94,59.94,1.0,2023-03-25
202,高雄(湖內),43.62,13.46,23.88,1.0,2023-03-26
202,高雄(湖內),76.17,25.62,42.62,1.12,2023-03-27
202,高雄(湖內),75.46,25.46,41.21,1.0,2023-03-28
202,高雄(湖內),78.92,26.83,42.88,1.0,2023-03-29
202,高雄(湖內),68.83,22.75,40.88,1.0,2023-03-30
202,高雄(湖內),82.54,28.29,47.96,1.21,2023-03-31
