,月份(month),觀測時間(day),測站氣壓(hPa),海平面氣壓(hPa),測站最高氣壓(hPa),測站最高氣壓時間(LST),測站最低氣壓(hPa),測站最低氣壓時間(LST),氣溫(℃),最高氣溫(℃),最高氣溫時間(LST),最低氣溫(℃),最低氣溫時間(LST),露點溫度(℃),相對溼度(%),最小相對溼度(%),最小相對溼度時間(LST),風速(m/s),風向(360degree),最大陣風(m/s),最大陣風風向(360degree),最大陣風風速時間(LST),降水量(mm),降水時數(hour),最大十分鐘降水量(mm),最大十分鐘降水量起始時間(LST),最大六十分鐘降水量(mm),最大六十分鐘降水量起始時間(LST),日照時數(hour),日照率(%),全天空日射量(MJ/㎡),能見度(km),A型蒸發量(mm),日最高紫外線指數,日最高紫外線指數時間(LST),總雲量(0~10)
1,1,01,1022.9,1025.3,1025.1,2022-01-01 09:30,1021.1,2022-01-01 15:41,16.1,19.1,2022-01-01 14:23,13.8,2022-01-01 05:36,14.2,89,77,2022-01-01 14:32,1.2,30,7.3,10,2022-01-01 16:03,0.0,0.4,0.0,2022-01-01 00:10,0.0,2022-01-01 00:10,1.0,9.5,6.24,...,...,...,...,...
2,1,02,1021.7,1024.1,1023.9,2022-01-02 09:03,1020.1,2022-01-02 15:15,16.4,18.4,2022-01-02 14:02,13.7,2022-01-02 01:51,13.6,84,72,2022-01-02 14:04,1.9,30,9.9,20,2022-01-02 14:37,0.0,0.6,0.0,2022-01-02 05:32,0.0,2022-01-02 05:32,0.5,4.7,6.01,...,...,...,...,...
3,1,03,1020.1,1022.5,1022.2,2022-01-03 08:22,1018.3,2022-01-03 15:03,17.4,21.5,2022-01-03 13:46,15.1,2022-01-03 21:23,14.0,81,64,2022-01-03 13:47,1.8,30,8.5,20,2022-01-03 02:30,0.0,0.0,0.0,...,0.0,...,6.7,63.3,12.96,...,...,...,...,...
4,1,04,1018.6,1021.0,1020.9,2022-01-04 08:57,1016.6,2022-01-04 15:00,17.8,22.6,2022-01-04 13:56,14.9,2022-01-04 01:28,15.7,88,69,2022-01-04 14:13,1.0,170,7.0,160,2022-01-04 14:38,0.0,0.0,0.0,...,0.0,...,5.1,48.2,12.43,...,...,...,...,...
5,1,05,1016.0,1018.4,1017.9,2022-01-05 22:57,1014.5,2022-01-05 14:54,17.9,19.7,2022-01-05 09:35,16.1,2022-01-05 00:40,17.2,95,89,2022-01-05 19:09,1.2,20,6.1,320,2022-01-05 10:30,0.5,1.5,0.5,2022-01-05 23:20,0.5,2022-01-05 23:20,0.2,1.9,3.66,...,...,...,...,...
6,1,06,1020.3,1022.7,1023.5,2022-01-06 20:27,1017.6,2022-01-06 00:01,15.7,17.7,2022-01-06 00:01,13.7,2022-01-06 22:59,14.2,91,77,2022-01-06 09:44,2.6,30,10.3,20,2022-01-06 07:27,10.5,9.6,2.0,2022-01-06 22:22,3.5,2022-01-06 22:22,0.0,0.0,2.71,...,...,...,...,...
7,1,07,1021.6,1024.0,1023.6,2022-01-07 09:17,1019.8,2022-01-07 15:21,15.6,18.0,2022-01-07 10:56,13.8,2022-01-07 02:48,12.2,80,70,2022-01-07 11:10,2.1,40,10.2,70,2022-01-07 12:05,1.0,2.6,0.5,2022-01-07 01:33,1.0,2022-01-07 01:33,0.2,1.9,5.89,...,...,...,...,...
8,1,08,1019.1,1021.5,1021.2,2022-01-08 09:04,1017.4,2022-01-08 14:51,16.1,17.9,2022-01-08 11:14,15.2,2022-01-08 03:20,11.8,76,69,2022-01-08 11:14,2.2,60,9.9,50,2022-01-08 10:49,0.0,0.3,0.0,2022-01-08 02:54,0.0,2022-01-08 02:54,0.0,0.0,7.66,...,...,...,...,...
9,1,09,1016.2,1018.6,1017.6,2022-01-09 08:33,1013.8,2022-01-09 14:14,16.9,20.9,2022-01-09 13:47,14.4,2022-01-09 03:43,13.8,82,68,2022-01-09 11:52,1.9,30,9.2,30,2022-01-09 16:16,0.0,0.1,0.0,2022-01-09 04:11,0.0,2022-01-09 04:11,3.2,30.1,10.27,...,...,...,...,...
10,1,10,1015.1,1017.5,1016.8,2022-01-10 08:42,1012.5,2022-01-10 14:52,17.3,20.6,2022-01-10 12:00,15.7,2022-01-10 21:56,14.6,84,69,2022-01-10 12:01,2.0,30,8.1,20,2022-01-10 21:13,0.0,0.9,0.0,2022-01-10 20:32,0.0,2022-01-10 20:32,0.4,3.8,7.17,...,...,...,...,...
11,1,11,1019.9,1022.4,1022.7,2022-01-11 20:37,1015.1,2022-01-11 01:54,12.5,15.8,2022-01-11 00:02,10.9,2022-01-11 10:52,9.6,83,59,2022-01-11 22:38,2.7,20,12.7,30,2022-01-11 08:21,6.0,8.0,1.0,2022-01-11 03:24,2.0,2022-01-11 03:07,0.0,0.0,1.99,...,...,...,...,...
12,1,12,1019.7,1022.1,1021.5,2022-01-12 09:45,1018.0,2022-01-12 15:21,12.4,13.8,2022-01-12 16:06,11.4,2022-01-12 06:18,9.6,84,58,2022-01-12 00:11,0.9,50,8.7,60,2022-01-12 01:45,0.0,2.9,0.0,2022-01-12 02:09,0.0,2022-01-12 02:09,0.0,0.0,1.89,...,...,...,...,...
13,1,13,1020.9,1023.3,1022.8,2022-01-13 21:47,1018.7,2022-01-13 03:39,13.2,15.0,2022-01-13 12:18,12.2,2022-01-13 23:23,9.2,77,63,2022-01-13 15:35,1.8,20,9.2,10,2022-01-13 12:25,0.5,1.5,0.5,2022-01-13 05:02,0.5,2022-01-13 05:02,0.1,0.9,2.40,...,...,...,...,...
14,1,14,1019.9,1022.3,1022.4,2022-01-14 07:37,1016.3,2022-01-14 15:41,14.8,18.1,2022-01-14 14:58,11.9,2022-01-14 03:24,8.5,66,55,2022-01-14 11:53,1.7,40,8.9,50,2022-01-14 00:31,0.0,0.0,0.0,...,0.0,...,2.6,24.3,9.03,...,...,...,...,...
15,1,15,1019.4,1021.8,1021.9,2022-01-15 09:20,1017.7,2022-01-15 14:53,15.8,19.7,2022-01-15 12:34,13.9,2022-01-15 21:31,13.3,85,69,2022-01-15 12:34,1.3,70,7.9,40,2022-01-15 13:18,0.0,0.9,0.0,2022-01-15 03:05,0.0,2022-01-15 03:05,3.8,35.5,9.62,...,...,...,...,...
16,1,16,1019.2,1021.6,1020.6,2022-01-16 08:36,1017.1,2022-01-16 14:24,17.5,21.6,2022-01-16 11:23,14.6,2022-01-16 05:17,14.8,85,71,2022-01-16 13:56,2.3,30,11.9,20,2022-01-16 13:08,0.0,0.0,0.0,...,0.0,...,6.8,63.5,14.49,...,...,...,...,...
17,1,17,1019.9,1022.3,1021.5,2022-01-17 20:34,1018.3,2022-01-17 14:09,16.3,18.3,2022-01-17 12:57,14.9,2022-01-17 23:02,14.6,90,83,2022-01-17 12:49,2.7,30,11.8,10,2022-01-17 17:20,2.5,7.3,0.5,2022-01-17 15:12,1.0,2022-01-17 15:12,0.0,0.0,4.09,...,...,...,...,...
18,1,18,1018.9,1021.3,1021.1,2022-01-18 10:44,1017.0,2022-01-18 15:54,16.3,18.1,2022-01-18 14:17,15.0,2022-01-18 02:26,13.6,84,72,2022-01-18 15:06,1.7,20,10.4,10,2022-01-18 10:55,0.5,1.8,0.5,2022-01-18 10:54,0.5,2022-01-18 10:54,0.0,0.0,4.31,...,...,...,...,...
19,1,19,1017.4,1019.8,1018.9,2022-01-19 09:20,1015.9,2022-01-19 15:13,16.6,18.7,2022-01-19 12:54,15.1,2022-01-19 23:12,13.9,85,74,2022-01-19 00:34,1.7,20,9.2,10,2022-01-19 15:08,0.0,0.4,0.0,2022-01-19 06:01,0.0,2022-01-19 06:01,0.0,0.0,4.99,...,...,...,...,...
20,1,20,1017.7,1020.1,1019.5,2022-01-20 09:15,1016.3,2022-01-20 04:18,17.6,20.2,2022-01-20 11:08,15.5,2022-01-20 00:01,12.9,75,62,2022-01-20 12:15,1.9,160,9.4,100,2022-01-20 23:51,0.0,1.4,0.0,2022-01-20 20:42,0.0,2022-01-20 20:42,2.0,18.6,10.48,...,...,...,...,...
21,1,21,1017.0,1019.4,1020.4,2022-01-21 08:27,1014.4,2022-01-21 17:01,17.3,20.0,2022-01-21 23:59,15.3,2022-01-21 03:08,15.3,88,71,2022-01-21 00:01,1.7,140,12.9,70,2022-01-21 00:32,28.5,14.1,1.5,2022-01-21 05:03,5.5,2022-01-21 04:54,0.0,0.0,2.45,...,...,...,...,...
22,1,22,1012.8,1015.2,1016.7,2022-01-22 09:05,1009.0,2022-01-22 14:10,18.6,21.2,2022-01-22 16:24,17.2,2022-01-22 05:22,17.1,91,75,2022-01-22 00:39,1.7,140,12.2,100,2022-01-22 13:42,33.0,13.4,2.0,2022-01-22 03:08,6.0,2022-01-22 02:40,0.0,0.0,2.24,...,...,...,...,...
23,1,23,1010.1,1012.5,1012.1,2022-01-23 22:13,1008.5,2022-01-23 05:49,18.5,21.6,2022-01-23 10:58,17.3,2022-01-23 18:41,17.9,96,86,2022-01-23 10:42,1.5,20,6.9,310,2022-01-23 11:39,0.0,0.8,0.0,2022-01-23 15:21,0.0,2022-01-23 15:21,0.0,0.0,6.22,...,...,...,...,...
24,1,24,1013.8,1016.2,1015.5,2022-01-24 21:44,1011.3,2022-01-24 02:45,17.1,18.6,2022-01-24 12:44,16.4,2022-01-24 05:15,15.7,92,83,2022-01-24 23:53,2.1,20,8.1,30,2022-01-24 10:37,0.0,4.2,0.0,2022-01-24 01:28,0.0,2022-01-24 01:28,0.0,0.0,4.03,...,...,...,...,...
25,1,25,1015.3,1017.7,1017.5,2022-01-25 09:37,1013.1,2022-01-25 14:32,18.6,23.5,2022-01-25 14:12,16.2,2022-01-25 01:13,15.8,84,64,2022-01-25 13:12,0.9,330,7.3,140,2022-01-25 13:07,0.0,0.2,0.0,2022-01-25 02:07,0.0,2022-01-25 02:07,3.2,29.5,12.04,...,...,...,...,...
26,1,26,1014.9,1017.3,1016.3,2022-01-26 08:56,1012.8,2022-01-26 15:40,20.4,26.4,2022-01-26 12:13,16.9,2022-01-26 01:19,17.8,86,62,2022-01-26 11:48,1.1,140,7.7,160,2022-01-26 11:17,0.0,0.0,0.0,...,0.0,...,8.0,73.6,15.93,...,...,...,...,...
27,1,27,1015.7,1018.1,1017.2,2022-01-27 08:29,1013.8,2022-01-27 13:55,19.5,23.0,2022-01-27 13:45,18.0,2022-01-27 05:08,17.8,90,78,2022-01-27 13:46,2.3,20,11.5,20,2022-01-27 17:55,0.0,0.1,0.0,2022-01-27 02:30,0.0,2022-01-27 02:30,1.9,17.5,10.61,...,...,...,...,...
28,1,28,1015.5,1017.9,1017.1,2022-01-28 09:08,1012.6,2022-01-28 22:50,18.4,20.3,2022-01-28 11:42,16.9,2022-01-28 22:34,16.0,86,75,2022-01-28 11:43,2.9,30,11.9,30,2022-01-28 09:49,0.0,1.3,0.0,2022-01-28 00:18,0.0,2022-01-28 00:18,0.8,7.3,9.69,...,...,...,...,...
29,1,29,1012.7,1015.1,1015.1,2022-01-29 00:01,1010.5,2022-01-29 15:10,15.6,17.0,2022-01-29 00:01,14.7,2022-01-29 23:22,14.4,92,86,2022-01-29 15:34,3.4,20,11.6,30,2022-01-29 08:13,3.5,4.1,1.0,2022-01-29 04:19,2.5,2022-01-29 04:07,0.0,0.0,6.30,...,...,...,...,...
30,1,30,1017.1,1019.5,1021.7,2022-01-30 21:22,1011.8,2022-01-30 03:35,12.5,14.7,2022-01-30 00:01,10.7,2022-01-30 17:31,11.4,93,81,2022-01-30 23:37,2.5,20,11.9,20,2022-01-30 11:31,10.5,10.6,1.0,2022-01-30 10:57,3.5,2022-01-30 10:47,0.0,0.0,2.28,...,...,...,...,...
31,1,31,1019.3,1021.7,1020.9,2022-01-31 00:01,1017.5,2022-01-31 21:35,15.5,19.4,2022-01-31 12:32,11.4,2022-01-31 07:10,9.3,67,48,2022-01-31 12:25,1.9,80,16.4,120,2022-01-31 22:51,0.0,0.8,0.0,2022-01-31 01:01,0.0,2022-01-31 01:01,3.1,28.3,11.95,...,...,...,...,...
1,2,01,1017.6,1020.0,1019.8,2022-02-01 21:50,1015.8,2022-02-01 06:33,16.7,19.3,2022-02-01 10:35,15.0,2022-02-01 23:09,13.9,84,64,2022-02-01 11:08,2.3,140,13.4,120,2022-02-01 00:37,11.0,12.4,1.0,2022-02-01 18:25,2.0,2022-02-01 13:17,0.0,0.0,2.96,...,...,...,...,...
2,2,02,1018.0,1020.4,1019.7,2022-02-02 09:06,1016.6,2022-02-02 14:07,16.1,18.5,2022-02-02 12:27,14.9,2022-02-02 01:56,15.5,96,89,2022-02-02 12:22,1.8,20,9.5,360,2022-02-02 12:44,2.0,4.3,0.5,2022-02-02 04:33,1.0,2022-02-02 04:33,0.0,0.0,5.78,...,...,...,...,...
3,2,03,1016.4,1018.8,1017.8,2022-02-03 22:05,1014.9,2022-02-03 15:10,15.2,16.2,2022-02-03 00:01,14.7,2022-02-03 22:08,14.7,97,96,2022-02-03 08:32,2.4,20,9.7,30,2022-02-03 15:40,34.0,15.9,3.0,2022-02-03 12:21,7.0,2022-02-03 12:21,0.0,0.0,1.58,...,...,...,...,...
4,2,04,1019.8,1022.2,1022.7,2022-02-04 22:12,1016.6,2022-02-04 01:35,13.6,14.9,2022-02-04 00:01,12.3,2022-02-04 23:39,12.8,95,90,2022-02-04 23:56,2.6,20,10.3,10,2022-02-04 08:49,6.0,13.6,1.0,2022-02-04 03:45,2.0,2022-02-04 03:45,0.0,0.0,2.22,...,...,...,...,...
5,2,05,1022.8,1025.2,1024.0,2022-02-05 09:56,1021.8,2022-02-05 02:14,13.4,14.6,2022-02-05 23:59,12.3,2022-02-05 05:39,10.6,84,75,2022-02-05 17:37,2.0,40,8.4,30,2022-02-05 06:11,0.0,2.8,0.0,2022-02-05 00:01,0.0,2022-02-05 00:01,0.0,0.0,1.46,...,...,...,...,...
6,2,06,1022.1,1024.5,1025.0,2022-02-06 09:57,1019.2,2022-02-06 23:58,14.5,17.3,2022-02-06 14:22,13.4,2022-02-06 07:44,11.1,80,66,2022-02-06 14:23,2.0,30,9.3,20,2022-02-06 09:12,0.0,0.0,0.0,...,0.0,...,0.8,7.2,7.69,...,...,...,...,...
7,2,07,1015.4,1017.8,1019.5,2022-02-07 00:11,1009.4,2022-02-07 14:24,17.0,21.7,2022-02-07 11:08,13.5,2022-02-07 17:43,14.1,84,65,2022-02-07 11:35,2.1,20,13.8,320,2022-02-07 16:33,12.5,6.1,1.5,2022-02-07 17:38,4.0,2022-02-07 17:18,0.3,2.7,5.14,...,...,...,...,...
8,2,08,1019.1,1021.5,1021.5,2022-02-08 09:42,1017.7,2022-02-08 03:59,14.5,16.0,2022-02-08 12:33,13.4,2022-02-08 22:49,12.8,90,79,2022-02-08 12:27,2.0,30,8.3,20,2022-02-08 16:15,0.0,2.9,0.0,2022-02-08 02:09,0.0,2022-02-08 02:09,0.0,0.0,4.09,...,...,...,...,...
9,2,09,1017.4,1019.8,1020.1,2022-02-09 09:18,1015.6,2022-02-09 15:48,16.0,18.3,2022-02-09 14:25,13.2,2022-02-09 00:19,14.8,93,84,2022-02-09 14:00,1.1,20,7.3,70,2022-02-09 10:14,9.0,1.6,3.0,2022-02-09 09:19,6.5,2022-02-09 09:19,0.4,3.6,4.45,...,...,...,...,...
10,2,10,1017.0,1019.4,1019.7,2022-02-10 09:31,1015.1,2022-02-10 23:53,16.4,17.5,2022-02-10 11:40,15.6,2022-02-10 06:46,15.3,93,86,2022-02-10 16:26,2.1,20,9.0,40,2022-02-10 14:40,0.0,0.9,0.0,2022-02-10 01:01,0.0,2022-02-10 01:01,0.0,0.0,4.51,...,...,...,...,...
11,2,11,1014.8,1017.2,1017.2,2022-02-11 09:03,1013.2,2022-02-11 15:05,19.2,23.1,2022-02-11 12:59,15.3,2022-02-11 00:35,17.2,88,75,2022-02-11 10:21,1.7,300,9.2,140,2022-02-11 03:07,0.0,0.0,0.0,...,0.0,...,8.8,78.8,17.84,...,...,...,...,...
12,2,12,1014.7,1017.1,1016.7,2022-02-12 09:21,1013.4,2022-02-12 16:15,17.5,18.4,2022-02-12 00:15,16.3,2022-02-12 22:18,16.7,95,86,2022-02-12 20:35,2.0,20,8.6,30,2022-02-12 14:58,0.5,2.4,0.5,2022-02-12 07:34,0.5,2022-02-12 07:34,0.1,0.9,5.39,...,...,...,...,...
13,2,13,1012.8,1015.2,1015.9,2022-02-13 23:58,1010.1,2022-02-13 13:24,17.2,21.6,2022-02-13 12:40,14.6,2022-02-13 23:39,15.7,92,76,2022-02-13 12:11,2.2,20,11.0,20,2022-02-13 17:42,13.0,4.4,1.5,2022-02-13 22:47,6.5,2022-02-13 22:30,0.0,0.0,6.15,...,...,...,...,...
14,2,14,1016.9,1019.3,1018.9,2022-02-14 10:04,1014.8,2022-02-14 03:58,13.8,14.8,2022-02-14 16:53,12.1,2022-02-14 22:05,12.4,92,76,2022-02-14 23:53,2.2,20,11.0,30,2022-02-14 07:41,35.5,11.9,1.5,2022-02-14 00:03,5.5,2022-02-14 04:17,0.1,0.9,2.96,...,...,...,...,...
15,2,15,1016.3,1018.7,1018.0,2022-02-15 08:20,1014.0,2022-02-15 14:18,16.4,19.8,2022-02-15 10:10,13.8,2022-02-15 00:22,12.1,76,58,2022-02-15 10:31,1.8,30,9.9,20,2022-02-15 17:03,0.0,0.7,0.0,2022-02-15 07:15,0.0,2022-02-15 07:15,1.1,9.8,7.86,...,...,...,...,...
16,2,16,1015.3,1017.7,1017.2,2022-02-16 08:25,1013.6,2022-02-16 13:49,16.9,19.9,2022-02-16 13:40,15.3,2022-02-16 03:51,13.5,81,67,2022-02-16 13:38,1.8,20,8.6,20,2022-02-16 13:35,0.0,1.5,0.0,2022-02-16 00:01,0.0,2022-02-16 00:01,0.8,7.1,7.53,...,...,...,...,...
17,2,17,1014.4,1016.8,1016.6,2022-02-17 23:13,1012.1,2022-02-17 05:13,16.5,18.4,2022-02-17 11:08,15.1,2022-02-17 19:47,14.3,87,73,2022-02-17 01:17,2.8,30,12.2,20,2022-02-17 14:58,0.0,2.8,0.0,2022-02-17 06:05,0.0,2022-02-17 06:05,0.1,0.9,5.95,...,...,...,...,...
18,2,18,1014.7,1017.1,1016.9,2022-02-18 05:50,1012.0,2022-02-18 15:31,16.0,17.7,2022-02-18 13:32,14.6,2022-02-18 03:56,15.5,97,92,2022-02-18 00:30,1.6,20,9.6,360,2022-02-18 03:50,17.5,14.7,1.5,2022-02-18 16:32,4.0,2022-02-18 16:22,0.0,0.0,4.18,...,...,...,...,...
19,2,19,1016.6,1019.0,1021.1,2022-02-19 23:18,1012.8,2022-02-19 03:37,14.8,17.3,2022-02-19 02:46,11.6,2022-02-19 23:44,14.2,96,92,2022-02-19 09:31,3.0,20,12.9,20,2022-02-19 06:25,29.0,22.1,1.0,2022-02-19 04:39,3.5,2022-02-19 22:42,0.0,0.0,3.73,...,...,...,...,...
20,2,20,1023.1,1025.6,1025.7,2022-02-20 08:54,1020.4,2022-02-20 01:26,9.9,11.6,2022-02-20 00:01,9.1,2022-02-20 10:57,8.8,93,90,2022-02-20 12:25,2.6,30,13.1,20,2022-02-20 06:58,36.5,23.9,1.0,2022-02-20 00:05,3.0,2022-02-20 05:44,0.0,0.0,2.36,...,...,...,...,...
21,2,21,1021.6,1024.1,1023.7,2022-02-21 00:01,1019.1,2022-02-21 15:00,12.8,14.9,2022-02-21 14:52,9.9,2022-02-21 00:24,12.1,96,86,2022-02-21 09:36,1.0,40,6.8,10,2022-02-21 23:10,25.0,20.1,1.0,2022-02-21 18:37,3.5,2022-02-21 19:21,0.0,0.0,3.80,...,...,...,...,...
22,2,22,1020.8,1023.2,1022.7,2022-02-22 08:58,1019.2,2022-02-22 14:28,14.6,16.1,2022-02-22 12:35,13.5,2022-02-22 04:28,13.6,94,89,2022-02-22 13:53,2.1,20,11.6,20,2022-02-22 23:31,18.5,13.8,1.5,2022-02-22 02:35,4.0,2022-02-22 02:27,0.0,0.0,3.90,...,...,...,...,...
23,2,23,1023.2,1025.7,1025.5,2022-02-23 22:08,1019.6,2022-02-23 02:57,12.4,13.7,2022-02-23 00:01,11.6,2022-02-23 23:13,11.5,94,92,2022-02-23 11:26,2.7,30,12.2,20,2022-02-23 06:04,39.5,18.3,2.5,2022-02-23 07:37,8.0,2022-02-23 07:07,0.0,0.0,3.90,...,...,...,...,...
24,2,24,1024.8,1027.2,1026.5,2022-02-24 08:44,1023.2,2022-02-24 14:12,12.7,14.4,2022-02-24 13:00,11.3,2022-02-24 03:23,10.1,85,76,2022-02-24 12:53,2.2,30,8.1,10,2022-02-24 04:20,2.0,3.0,0.5,2022-02-24 00:05,1.0,2022-02-24 00:05,0.0,0.0,2.82,...,...,...,...,...
25,2,25,1021.6,1024.0,1024.3,2022-02-25 09:10,1019.3,2022-02-25 14:59,15.9,19.5,2022-02-25 12:43,11.4,2022-02-25 03:01,13.4,86,73,2022-02-25 13:02,1.5,30,8.7,40,2022-02-25 13:53,0.0,0.3,0.0,2022-02-25 11:43,0.0,2022-02-25 11:43,0.3,2.6,9.22,...,...,...,...,...
26,2,26,1019.2,1021.6,1021.8,2022-02-26 08:31,1017.0,2022-02-26 15:10,17.4,22.7,2022-02-26 11:52,14.3,2022-02-26 03:30,15.4,89,70,2022-02-26 11:50,1.5,10,7.9,30,2022-02-26 14:39,0.5,0.3,0.5,2022-02-26 06:10,0.5,2022-02-26 06:10,4.8,41.7,15.48,...,...,...,...,...
27,2,27,1018.3,1020.7,1020.8,2022-02-27 08:58,1016.3,2022-02-27 16:23,18.5,23.4,2022-02-27 12:50,14.0,2022-02-27 05:10,13.2,73,47,2022-02-27 14:38,1.6,150,9.4,190,2022-02-27 22:02,0.0,0.0,0.0,...,0.0,...,7.7,66.7,19.27,...,...,...,...,...
28,2,28,1016.3,1018.7,1019.3,2022-02-28 08:52,1014.3,2022-02-28 16:11,19.6,23.8,2022-02-28 13:12,16.5,2022-02-28 06:37,15.5,77,60,2022-02-28 10:54,1.6,300,9.5,170,2022-02-28 00:14,0.0,0.0,0.0,...,0.0,...,9.2,79.6,20.54,...,...,...,...,...
1,3,01,1015.0,1017.4,1017.0,2022-03-01 09:21,1013.3,2022-03-01 15:58,21.0,25.7,2022-03-01 12:14,17.5,2022-03-01 02:07,17.2,80,58,2022-03-01 11:42,1.5,300,7.3,300,2022-03-01 13:59,0.0,0.0,0.0,...,0.0,...,6.1,52.7,17.97,...,...,...,...,...
2,3,02,1016.3,1018.7,1018.3,2022-03-02 09:41,1014.7,2022-03-02 15:59,19.6,22.3,2022-03-02 15:01,17.8,2022-03-02 23:40,16.4,82,69,2022-03-02 14:51,1.3,40,8.9,40,2022-03-02 10:35,0.5,0.2,0.5,2022-03-02 05:49,0.5,2022-03-02 05:49,1.1,9.5,6.20,...,...,...,...,...
3,3,03,1014.3,1016.6,1017.3,2022-03-03 06:53,1011.5,2022-03-03 15:43,21.9,26.9,2022-03-03 13:58,17.7,2022-03-03 00:25,16.8,73,59,2022-03-03 14:01,1.6,140,9.2,180,2022-03-03 10:58,0.0,0.0,0.0,...,0.0,...,4.6,39.5,16.84,...,...,...,...,...
4,3,04,1012.2,1014.6,1015.0,2022-03-04 10:19,1010.6,2022-03-04 16:24,19.4,21.6,2022-03-04 15:32,17.4,2022-03-04 09:46,17.2,87,76,2022-03-04 13:40,1.5,310,5.9,290,2022-03-04 10:01,0.0,0.0,0.0,...,0.0,...,5.3,45.5,14.69,...,...,...,...,...
5,3,05,1012.6,1014.9,1015.1,2022-03-05 21:40,1010.4,2022-03-05 03:49,19.9,23.5,2022-03-05 12:15,17.3,2022-03-05 04:15,15.6,77,62,2022-03-05 11:55,1.5,20,7.7,50,2022-03-05 09:09,0.0,0.0,0.0,...,0.0,...,0.3,2.6,7.25,...,...,...,...,...
6,3,06,1014.3,1016.7,1016.3,2022-03-06 08:59,1012.1,2022-03-06 16:33,18.9,21.2,2022-03-06 13:20,16.5,2022-03-06 01:52,14.1,74,59,2022-03-06 01:17,1.2,140,8.6,160,2022-03-06 08:13,0.0,0.5,0.0,2022-03-06 19:33,0.0,2022-03-06 19:33,0.1,0.9,4.98,...,...,...,...,...
7,3,07,1015.4,1017.8,1019.2,2022-03-07 20:16,1011.0,2022-03-07 04:42,14.1,17.7,2022-03-07 00:28,11.3,2022-03-07 20:41,13.2,94,80,2022-03-07 20:14,2.3,10,11.8,330,2022-03-07 16:43,39.0,15.6,2.0,2022-03-07 07:41,5.5,2022-03-07 14:13,0.0,0.0,2.14,...,...,...,...,...
8,3,08,1016.4,1018.9,1018.6,2022-03-08 09:06,1014.4,2022-03-08 15:58,15.9,21.0,2022-03-08 13:53,9.8,2022-03-08 04:29,8.4,64,40,2022-03-08 14:30,1.4,120,9.2,160,2022-03-08 21:01,0.0,0.0,0.0,...,0.0,...,8.2,69.7,21.78,...,...,...,...,...
9,3,09,1015.0,1017.4,1017.4,2022-03-09 10:03,1013.2,2022-03-09 15:04,20.0,26.3,2022-03-09 13:57,14.0,2022-03-09 06:19,12.1,61,43,2022-03-09 13:52,1.9,120,10.9,120,2022-03-09 21:20,0.0,0.0,0.0,...,0.0,...,9.9,84.0,22.86,...,...,...,...,...
10,3,10,1014.1,1016.5,1016.2,2022-03-10 08:40,1012.6,2022-03-10 16:07,19.0,22.3,2022-03-10 12:08,15.8,2022-03-10 06:12,15.3,80,58,2022-03-10 00:16,1.3,300,6.9,270,2022-03-10 13:38,0.0,0.0,0.0,...,0.0,...,7.5,63.5,20.18,...,...,...,...,...
11,3,11,1012.7,1015.1,1015.1,2022-03-11 08:13,1011.6,2022-03-11 03:31,18.8,23.5,2022-03-11 10:42,15.4,2022-03-11 07:15,15.8,83,56,2022-03-11 10:43,1.3,140,6.7,150,2022-03-11 23:26,0.0,0.0,0.0,...,0.0,...,9.5,80.3,21.55,...,...,...,...,...
12,3,12,1011.1,1013.4,1012.4,2022-03-12 09:11,1009.9,2022-03-12 15:21,22.3,26.8,2022-03-12 10:25,20.3,2022-03-12 17:53,16.9,72,53,2022-03-12 10:22,2.2,140,10.2,180,2022-03-12 09:12,0.0,0.0,0.0,...,0.0,...,10.0,84.3,22.35,...,...,...,...,...
13,3,13,1011.1,1013.4,1013.1,2022-03-13 07:29,1009.2,2022-03-13 14:33,22.1,26.8,2022-03-13 11:42,18.2,2022-03-13 04:21,17.7,77,54,2022-03-13 11:31,1.2,140,6.2,140,2022-03-13 00:04,0.0,0.0,0.0,...,0.0,...,10.1,85.0,23.00,...,...,...,...,...
14,3,14,1010.4,1012.7,1012.6,2022-03-14 09:41,1009.0,2022-03-14 18:27,21.5,24.7,2022-03-14 11:31,17.8,2022-03-14 05:39,17.5,78,64,2022-03-14 11:20,1.1,300,5.4,320,2022-03-14 11:48,0.0,0.0,0.0,...,0.0,...,5.2,43.7,16.47,...,...,...,...,...
15,3,15,1009.3,1011.7,1011.0,2022-03-15 07:43,1007.6,2022-03-15 16:00,22.5,28.3,2022-03-15 11:47,17.7,2022-03-15 05:41,17.9,76,56,2022-03-15 11:20,1.5,140,10.8,20,2022-03-15 12:50,0.0,0.0,0.0,...,0.0,...,8.6,72.1,21.20,...,...,...,...,...
16,3,16,1009.1,1011.4,1010.8,2022-03-16 08:22,1007.9,2022-03-16 14:34,23.6,28.4,2022-03-16 10:25,20.9,2022-03-16 02:32,19.0,76,58,2022-03-16 10:25,1.7,150,8.9,140,2022-03-16 22:10,0.0,0.0,0.0,...,0.0,...,5.8,48.5,18.23,...,...,...,...,...
17,3,17,1007.2,1009.5,1009.9,2022-03-17 08:58,1005.1,2022-03-17 16:56,22.3,25.7,2022-03-17 13:49,20.7,2022-03-17 06:47,20.3,89,72,2022-03-17 00:35,1.2,300,7.4,270,2022-03-17 02:01,5.0,1.0,2.5,2022-03-17 19:47,3.5,2022-03-17 19:47,1.5,12.5,12.43,...,...,...,...,...
18,3,18,1007.5,1009.9,1009.6,2022-03-18 11:57,1004.7,2022-03-18 03:13,19.5,22.8,2022-03-18 07:31,15.5,2022-03-18 22:32,16.6,84,61,2022-03-18 14:05,2.2,20,11.7,20,2022-03-18 09:00,0.0,0.3,0.0,2022-03-18 01:10,0.0,2022-03-18 01:10,1.8,15.0,10.67,...,...,...,...,...
19,3,19,1009.2,1011.5,1010.9,2022-03-19 23:37,1007.5,2022-03-19 14:27,20.1,24.8,2022-03-19 13:44,15.1,2022-03-19 02:49,16.9,82,68,2022-03-19 12:51,1.5,360,8.3,20,2022-03-19 15:16,0.0,0.0,0.0,...,0.0,...,8.7,72.3,20.88,...,...,...,...,...
20,3,20,1011.5,1013.9,1013.1,2022-03-20 07:43,1009.7,2022-03-20 15:06,23.3,29.4,2022-03-20 13:44,20.2,2022-03-20 23:31,19.1,78,53,2022-03-20 13:34,1.7,150,9.1,150,2022-03-20 10:45,0.0,0.0,0.0,...,0.0,...,8.3,68.8,21.01,...,...,...,...,...
21,3,21,1012.3,1014.7,1014.9,2022-03-21 10:05,1010.0,2022-03-21 16:39,19.7,21.7,2022-03-21 15:27,18.1,2022-03-21 19:06,18.7,94,82,2022-03-21 15:28,1.5,10,5.6,160,2022-03-21 23:18,2.0,1.8,0.5,2022-03-21 02:48,1.0,2022-03-21 02:48,0.8,6.6,8.42,...,...,...,...,...
22,3,22,1013.6,1016.0,1015.9,2022-03-22 08:41,1011.0,2022-03-22 01:03,16.7,21.1,2022-03-22 02:14,15.3,2022-03-22 06:06,15.6,94,89,2022-03-22 12:09,3.1,20,11.0,20,2022-03-22 03:18,7.0,3.8,2.0,2022-03-22 22:53,4.0,2022-03-22 22:25,0.0,0.0,3.81,...,...,...,...,...
23,3,23,1014.7,1017.1,1016.8,2022-03-23 10:51,1011.2,2022-03-23 02:26,14.1,16.1,2022-03-23 00:14,13.3,2022-03-23 20:01,13.3,95,85,2022-03-23 21:36,2.9,20,11.3,20,2022-03-23 08:27,25.0,7.1,4.5,2022-03-23 04:07,14.5,2022-03-23 03:40,0.0,0.0,3.85,...,...,...,...,...
24,3,24,1013.6,1016.0,1015.7,2022-03-24 00:01,1011.7,2022-03-24 23:52,19.1,22.4,2022-03-24 12:44,13.6,2022-03-24 00:01,15.7,81,69,2022-03-24 11:00,1.7,160,12.1,130,2022-03-24 10:03,0.0,0.2,0.0,2022-03-24 02:01,0.0,2022-03-24 02:01,0.3,2.5,7.03,...,...,...,...,...
25,3,25,1009.3,1011.6,1011.7,2022-03-25 00:01,1006.9,2022-03-25 19:01,22.0,25.2,2022-03-25 11:45,19.1,2022-03-25 05:51,19.8,87,72,2022-03-25 00:15,1.4,140,8.3,150,2022-03-25 00:44,1.5,1.6,0.5,2022-03-25 03:19,1.0,2022-03-25 03:19,2.7,22.2,14.92,...,...,...,...,...
26,3,26,1008.9,1011.2,1013.3,2022-03-26 23:38,1006.2,2022-03-26 03:47,22.9,28.1,2022-03-26 13:28,16.9,2022-03-26 23:43,20.8,88,68,2022-03-26 13:39,1.4,240,11.1,260,2022-03-26 13:45,19.5,2.9,3.5,2022-03-26 17:40,10.5,2022-03-26 17:00,0.1,0.8,7.92,...,...,...,...,...
27,3,27,1014.2,1016.6,1016.6,2022-03-27 21:27,1010.1,2022-03-27 02:20,15.7,17.2,2022-03-27 00:23,14.6,2022-03-27 22:12,14.6,93,81,2022-03-27 10:34,2.0,30,9.6,20,2022-03-27 09:10,32.0,6.2,4.5,2022-03-27 06:35,7.0,2022-03-27 06:35,0.0,0.0,3.25,...,...,...,...,...
28,3,28,1017.6,1020.0,1020.2,2022-03-28 21:56,1015.5,2022-03-28 00:15,15.5,16.5,2022-03-28 00:56,14.4,2022-03-28 06:15,14.7,95,75,2022-03-28 00:40,1.7,50,10.3,20,2022-03-28 13:13,39.0,14.8,1.5,2022-03-28 16:53,5.0,2022-03-28 05:32,0.0,0.0,3.05,...,...,...,...,...
29,3,29,1015.3,1017.6,1019.1,2022-03-29 00:03,1012.6,2022-03-29 15:57,21.8,25.9,2022-03-29 13:55,16.3,2022-03-29 00:01,18.0,81,64,2022-03-29 13:18,2.2,140,12.5,130,2022-03-29 13:18,7.5,2.9,1.0,2022-03-29 00:22,3.0,2022-03-29 01:55,1.9,15.5,14.27,...,...,...,...,...
30,3,30,1014.7,1017.1,1017.6,2022-03-30 12:06,1012.2,2022-03-30 17:00,22.4,26.4,2022-03-30 09:41,19.9,2022-03-30 21:59,19.9,86,65,2022-03-30 09:28,1.7,150,8.8,170,2022-03-30 00:33,0.0,0.1,0.0,2022-03-30 12:02,0.0,2022-03-30 12:02,4.4,35.7,14.49,...,...,...,...,...
31,3,31,1016.7,1019.1,1021.5,2022-03-31 23:21,1013.6,2022-03-31 03:41,20.0,24.4,2022-03-31 14:34,15.3,2022-03-31 23:52,18.1,90,73,2022-03-31 14:35,3.4,20,13.8,20,2022-03-31 17:50,0.5,1.1,0.5,2022-03-31 23:29,0.5,2022-03-31 23:29,2.3,18.6,14.65,...,...,...,...,...
1,4,01,1022.2,1024.6,1024.2,2022-04-01 21:28,1020.4,2022-04-01 03:20,14.9,16.0,2022-04-01 04:58,13.4,2022-04-01 18:55,12.1,84,75,2022-04-01 23:17,3.5,30,12.3,10,2022-04-01 01:34,1.5,4.9,0.5,2022-04-01 12:45,0.5,2022-04-01 12:45,0.0,0.0,3.32,...,...,...,...,...
2,4,02,1022.1,1024.5,1023.4,2022-04-02 00:48,1020.6,2022-04-02 15:28,13.4,14.5,2022-04-02 00:01,12.5,2022-04-02 20:06,12.4,94,75,2022-04-02 00:32,2.3,30,10.4,30,2022-04-02 10:20,36.0,21.1,1.0,2022-04-02 08:07,3.5,2022-04-02 16:50,0.0,0.0,3.89,...,...,...,...,...
3,4,03,1022.1,1024.5,1023.7,2022-04-03 10:26,1020.7,2022-04-03 04:22,14.7,17.0,2022-04-03 15:06,12.2,2022-04-03 02:13,11.0,80,64,2022-04-03 19:18,1.8,30,12.3,30,2022-04-03 15:21,8.0,5.6,1.0,2022-04-03 00:11,2.5,2022-04-03 00:11,0.0,0.0,6.29,...,...,...,...,...
4,4,04,1020.9,1023.3,1022.4,2022-04-04 08:06,1019.4,2022-04-04 23:57,18.2,23.0,2022-04-04 10:49,12.1,2022-04-04 00:58,12.5,70,56,2022-04-04 10:23,1.8,40,11.3,30,2022-04-04 14:47,0.0,0.0,0.0,...,0.0,...,4.0,32.2,16.26,...,...,...,...,...
5,4,05,1017.2,1019.6,1020.1,2022-04-05 08:13,1014.3,2022-04-05 16:02,21.9,25.4,2022-04-05 13:07,19.0,2022-04-05 05:53,15.9,69,61,2022-04-05 15:46,1.8,150,12.3,160,2022-04-05 02:04,0.0,0.0,0.0,...,0.0,...,9.8,78.6,24.56,...,...,...,...,...
6,4,06,1015.3,1017.6,1017.2,2022-04-06 08:19,1013.4,2022-04-06 15:07,21.4,27.6,2022-04-06 12:54,17.3,2022-04-06 06:01,16.1,72,49,2022-04-06 13:06,1.3,110,11.9,10,2022-04-06 13:35,0.0,0.0,0.0,...,0.0,...,9.5,76.1,23.92,...,...,...,...,...
7,4,07,1015.2,1017.6,1016.8,2022-04-07 09:52,1013.9,2022-04-07 14:28,20.6,25.2,2022-04-07 12:47,17.7,2022-04-07 05:14,16.2,76,54,2022-04-07 13:46,1.5,50,9.0,50,2022-04-07 14:30,0.0,0.4,0.0,2022-04-07 07:39,0.0,2022-04-07 07:39,1.2,9.6,11.62,...,...,...,...,...
8,4,08,1013.6,1016.0,1015.6,2022-04-08 00:04,1011.8,2022-04-08 16:04,22.4,25.2,2022-04-08 11:53,18.6,2022-04-08 04:21,15.0,63,54,2022-04-08 15:29,2.1,130,14.9,120,2022-04-08 16:55,0.0,0.1,0.0,2022-04-08 09:32,0.0,2022-04-08 09:32,5.3,42.3,17.23,...,...,...,...,...
9,4,09,1011.0,1013.3,1012.7,2022-04-09 07:33,1008.9,2022-04-09 15:44,24.4,29.7,2022-04-09 13:25,20.7,2022-04-09 05:30,16.4,61,49,2022-04-09 12:51,2.3,160,10.1,90,2022-04-09 18:43,0.0,0.2,0.0,2022-04-09 04:04,0.0,2022-04-09 04:04,10.3,82.0,25.08,...,...,...,...,...
10,4,10,1010.2,1012.5,1012.1,2022-04-10 10:44,1008.7,2022-04-10 15:37,23.9,27.9,2022-04-10 10:19,20.0,2022-04-10 05:44,19.1,75,55,2022-04-10 10:07,1.7,150,7.3,140,2022-04-10 00:05,0.0,0.0,0.0,...,0.0,...,8.5,67.5,23.12,...,...,...,...,...
11,4,11,1008.8,1011.1,1011.1,2022-04-11 09:26,1007.3,2022-04-11 15:26,23.6,27.0,2022-04-11 11:41,21.4,2022-04-11 05:42,21.1,86,71,2022-04-11 00:01,1.3,300,6.7,300,2022-04-11 12:40,0.0,0.1,0.0,2022-04-11 06:33,0.0,2022-04-11 06:33,3.9,30.9,18.78,...,...,...,...,...
12,4,12,1007.0,1009.3,1009.0,2022-04-12 09:00,1005.4,2022-04-12 16:36,23.4,27.1,2022-04-12 12:33,20.8,2022-04-12 05:04,21.3,88,76,2022-04-12 12:33,1.3,300,5.8,300,2022-04-12 11:21,0.0,0.0,0.0,...,0.0,...,9.8,77.6,23.90,...,...,...,...,...
13,4,13,1004.9,1007.2,1006.5,2022-04-13 09:02,1003.1,2022-04-13 15:46,24.4,28.1,2022-04-13 11:27,21.5,2022-04-13 05:16,20.9,81,64,2022-04-13 10:22,1.2,300,6.6,290,2022-04-13 13:12,0.0,0.0,0.0,...,0.0,...,6.9,54.5,21.61,...,...,...,...,...
14,4,14,1007.7,1010.0,1012.6,2022-04-14 22:56,1003.6,2022-04-14 03:26,21.6,23.6,2022-04-14 06:46,18.7,2022-04-14 23:55,18.6,84,69,2022-04-14 16:47,2.4,20,10.8,320,2022-04-14 07:06,6.5,1.8,2.0,2022-04-14 03:34,3.0,2022-04-14 03:30,0.7,5.5,9.64,...,...,...,...,...
15,4,15,1013.2,1015.6,1015.9,2022-04-15 21:32,1011.4,2022-04-15 03:12,17.3,18.6,2022-04-15 00:01,16.0,2022-04-15 23:50,16.5,95,89,2022-04-15 23:25,2.0,20,9.0,30,2022-04-15 12:55,12.0,9.5,0.5,2022-04-15 02:23,1.5,2022-04-15 05:03,0.0,0.0,3.91,...,...,...,...,...
16,4,16,1014.3,1016.7,1016.9,2022-04-16 21:36,1012.3,2022-04-16 14:17,18.3,21.6,2022-04-16 11:36,16.3,2022-04-16 00:01,12.2,68,58,2022-04-16 11:37,2.5,30,11.5,20,2022-04-16 10:44,0.0,0.3,0.0,2022-04-16 20:06,0.0,2022-04-16 20:06,1.6,12.6,13.44,...,...,...,...,...
17,4,17,1015.2,1017.6,1016.6,2022-04-17 09:26,1013.9,2022-04-17 16:34,17.6,19.7,2022-04-17 16:54,15.0,2022-04-17 02:34,14.3,81,66,2022-04-17 11:03,1.0,30,7.8,360,2022-04-17 11:53,0.0,0.7,0.0,2022-04-17 01:08,0.0,2022-04-17 01:08,0.0,0.0,5.10,...,...,...,...,...
18,4,18,1015.3,1017.7,1017.6,2022-04-18 22:46,1013.5,2022-04-18 01:36,18.7,21.7,2022-04-18 08:50,17.5,2022-04-18 00:24,15.6,82,72,2022-04-18 20:25,1.7,20,8.4,20,2022-04-18 10:33,0.0,0.3,0.0,2022-04-18 16:15,0.0,2022-04-18 16:15,0.3,2.3,6.77,...,...,...,...,...
19,4,19,1016.7,1019.1,1017.9,2022-04-19 09:53,1015.5,2022-04-19 16:42,16.5,18.1,2022-04-19 00:02,15.3,2022-04-19 20:14,15.3,93,76,2022-04-19 14:09,1.0,160,5.5,30,2022-04-19 15:14,5.0,8.8,0.5,2022-04-19 02:45,1.5,2022-04-19 08:13,0.0,0.0,5.14,...,...,...,...,...
20,4,20,1013.1,1015.5,1016.6,2022-04-20 00:03,1011.0,2022-04-20 15:18,19.3,23.7,2022-04-20 12:15,15.2,2022-04-20 07:19,16.2,83,66,2022-04-20 11:48,1.6,160,8.9,200,2022-04-20 08:33,6.0,3.6,1.0,2022-04-20 05:30,2.5,2022-04-20 06:07,0.8,6.2,10.47,...,...,...,...,...
21,4,21,1011.8,1014.1,1013.9,2022-04-21 11:06,1009.6,2022-04-21 16:43,21.9,27.0,2022-04-21 14:47,19.1,2022-04-21 07:19,19.7,88,68,2022-04-21 16:24,1.0,150,4.5,190,2022-04-21 15:04,0.0,0.9,0.0,2022-04-21 05:01,0.0,2022-04-21 05:01,3.4,26.5,13.52,...,...,...,...,...
22,4,22,1010.8,1013.1,1012.7,2022-04-22 07:44,1009.0,2022-04-22 15:17,24.4,29.0,2022-04-22 14:09,20.9,2022-04-22 05:51,21.2,82,66,2022-04-22 14:11,1.2,140,5.1,280,2022-04-22 15:41,0.0,0.0,0.0,...,0.0,...,5.7,44.3,20.67,...,...,...,...,...
23,4,23,1008.9,1011.2,1010.8,2022-04-23 10:39,1006.9,2022-04-23 15:19,25.0,28.4,2022-04-23 12:01,22.9,2022-04-23 02:45,22.6,87,71,2022-04-23 16:06,1.3,300,6.6,290,2022-04-23 14:05,0.0,0.5,0.0,2022-04-23 05:04,0.0,2022-04-23 05:04,4.6,35.7,15.58,...,...,...,...,...
24,4,24,1007.9,1010.2,1009.5,2022-04-24 10:56,1006.2,2022-04-24 16:28,25.8,28.7,2022-04-24 15:46,22.5,2022-04-24 02:49,23.3,87,75,2022-04-24 15:26,1.2,150,5.6,280,2022-04-24 09:49,0.0,0.0,0.0,...,0.0,...,6.0,46.5,19.17,...,...,...,...,...
25,4,25,1007.5,1009.8,1009.0,2022-04-25 08:17,1005.9,2022-04-25 18:24,26.0,29.1,2022-04-25 14:22,23.3,2022-04-25 05:43,24.0,89,77,2022-04-25 14:14,1.1,320,6.5,300,2022-04-25 13:08,0.0,0.1,0.0,2022-04-25 02:19,0.0,2022-04-25 02:19,6.6,51.0,21.56,...,...,...,...,...
26,4,26,1006.1,1008.4,1007.8,2022-04-26 22:16,1004.3,2022-04-26 15:43,26.9,31.6,2022-04-26 11:15,23.4,2022-04-26 03:28,24.3,86,63,2022-04-26 11:12,1.7,300,10.0,260,2022-04-26 12:41,0.0,0.0,0.0,...,0.0,...,6.0,46.3,19.99,...,...,...,...,...
27,4,27,1008.9,1011.2,1011.1,2022-04-27 21:02,1006.8,2022-04-27 03:10,26.2,29.0,2022-04-27 11:47,24.4,2022-04-27 05:32,23.9,87,75,2022-04-27 14:32,1.5,20,7.2,320,2022-04-27 12:07,0.0,0.0,0.0,...,0.0,...,2.9,22.3,16.06,...,...,...,...,...
28,4,28,1009.8,1012.1,1011.1,2022-04-28 08:42,1008.4,2022-04-28 15:16,25.4,28.8,2022-04-28 12:19,23.1,2022-04-28 06:32,23.1,88,75,2022-04-28 11:32,1.4,20,6.6,20,2022-04-28 07:01,0.0,0.1,0.0,2022-04-28 04:43,0.0,2022-04-28 04:43,5.9,45.4,20.66,...,...,...,...,...
29,4,29,1010.5,1012.8,1014.0,2022-04-29 21:04,1007.4,2022-04-29 02:52,24.2,27.5,2022-04-29 09:31,21.0,2022-04-29 23:14,21.7,86,75,2022-04-29 21:09,2.0,30,12.8,30,2022-04-29 16:41,0.0,0.1,0.0,2022-04-29 14:07,0.0,2022-04-29 14:07,1.1,8.4,9.12,...,...,...,...,...
30,4,30,1012.6,1014.9,1014.6,2022-04-30 22:13,1010.3,2022-04-30 13:54,21.1,24.6,2022-04-30 11:35,19.5,2022-04-30 23:21,18.3,84,72,2022-04-30 11:32,2.2,20,8.5,70,2022-04-30 08:01,0.0,0.1,0.0,2022-04-30 16:17,0.0,2022-04-30 16:17,0.2,1.5,8.81,...,...,...,...,...
1,5,01,1013.8,1016.2,1016.1,2022-05-01 21:48,1011.8,2022-05-01 02:54,17.7,20.0,2022-05-01 00:02,14.8,2022-05-01 23:15,16.2,91,84,2022-05-01 22:31,2.7,20,9.5,40,2022-05-01 03:20,8.5,9.1,1.5,2022-05-01 15:37,3.5,2022-05-01 15:18,0.0,0.0,3.22,...,...,...,...,...
2,5,02,1014.7,1017.1,1016.3,2022-05-02 21:03,1013.4,2022-05-02 14:04,15.4,16.9,2022-05-02 12:27,14.7,2022-05-02 02:34,14.5,95,85,2022-05-02 07:56,1.2,40,7.5,50,2022-05-02 07:08,10.0,19.1,0.5,2022-05-02 00:09,1.5,2022-05-02 03:06,0.0,0.0,5.34,...,...,...,...,...
3,5,03,1014.5,1016.9,1015.7,2022-05-03 00:03,1013.7,2022-05-03 14:22,19.9,22.7,2022-05-03 13:49,15.2,2022-05-03 00:06,16.5,82,64,2022-05-03 14:00,1.4,140,8.7,140,2022-05-03 23:59,0.0,0.5,0.0,2022-05-03 00:01,0.0,2022-05-03 00:01,0.0,0.0,6.03,...,...,...,...,...
4,5,04,1011.6,1014.0,1014.2,2022-05-04 00:01,1010.0,2022-05-04 17:14,23.8,27.3,2022-05-04 13:18,20.5,2022-05-04 05:05,18.8,74,62,2022-05-04 00:35,2.1,140,14.1,180,2022-05-04 11:24,0.0,0.1,0.0,2022-05-04 04:43,0.0,2022-05-04 04:43,2.1,16.0,18.03,...,...,...,...,...
5,5,05,1009.8,1012.1,1010.7,2022-05-05 09:04,1008.6,2022-05-05 02:47,22.9,24.8,2022-05-05 10:27,21.8,2022-05-05 22:38,21.1,89,81,2022-05-05 10:15,2.6,20,11.0,30,2022-05-05 11:18,0.0,0.0,0.0,...,0.0,...,0.8,6.1,13.75,...,...,...,...,...
6,5,06,1010.4,1012.8,1011.8,2022-05-06 10:13,1009.3,2022-05-06 02:56,23.2,26.4,2022-05-06 11:54,20.6,2022-05-06 23:11,21.2,89,74,2022-05-06 14:56,1.9,20,9.1,30,2022-05-06 15:31,0.0,0.5,0.0,2022-05-06 04:03,0.0,2022-05-06 04:03,5.1,38.7,19.95,...,...,...,...,...
7,5,07,1011.8,1014.2,1013.2,2022-05-07 09:44,1010.4,2022-05-07 01:35,23.1,27.7,2022-05-07 11:55,19.4,2022-05-07 03:48,20.2,84,68,2022-05-07 12:20,2.0,20,9.6,20,2022-05-07 15:00,0.0,0.0,0.0,...,0.0,...,9.5,72.0,25.19,...,...,...,...,...
8,5,08,1011.7,1014.0,1013.2,2022-05-08 08:15,1010.0,2022-05-08 14:38,23.6,27.6,2022-05-08 12:02,20.2,2022-05-08 01:22,21.5,88,77,2022-05-08 11:00,1.7,20,10.7,360,2022-05-08 12:55,0.0,1.3,0.0,2022-05-08 03:45,0.0,2022-05-08 03:45,0.9,6.8,13.91,...,...,...,...,...
9,5,09,1011.0,1013.3,1012.8,2022-05-09 08:30,1009.4,2022-05-09 17:05,23.8,26.9,2022-05-09 11:25,22.1,2022-05-09 23:55,21.8,89,77,2022-05-09 11:15,1.2,20,7.1,30,2022-05-09 14:13,0.0,2.0,0.0,2022-05-09 00:01,0.0,2022-05-09 00:01,0.1,0.8,8.39,...,...,...,...,...
10,5,10,1008.5,1010.8,1010.1,2022-05-10 00:12,1006.8,2022-05-10 15:26,25.1,29.0,2022-05-10 09:21,21.9,2022-05-10 00:10,22.4,85,66,2022-05-10 09:31,1.2,300,6.9,300,2022-05-10 11:08,0.5,1.4,0.5,2022-05-10 20:03,0.5,2022-05-10 20:03,2.4,18.1,15.50,...,...,...,...,...
11,5,11,1007.9,1010.2,1009.4,2022-05-11 09:57,1006.3,2022-05-11 15:48,23.8,26.3,2022-05-11 15:39,23.0,2022-05-11 06:29,23.1,96,85,2022-05-11 17:41,1.0,270,5.2,280,2022-05-11 15:47,12.0,6.2,2.0,2022-05-11 06:32,5.5,2022-05-11 06:02,3.7,27.9,10.94,...,...,...,...,...
12,5,12,1006.3,1008.6,1008.2,2022-05-12 00:01,1004.9,2022-05-12 14:15,24.9,29.6,2022-05-12 11:18,22.0,2022-05-12 04:44,23.4,92,73,2022-05-12 10:23,0.9,150,5.7,160,2022-05-12 15:45,7.5,3.0,4.0,2022-05-12 18:02,5.5,2022-05-12 18:02,2.3,17.3,14.48,...,...,...,...,...
13,5,13,1004.7,1007.0,1007.5,2022-05-13 21:37,1003.0,2022-05-13 06:52,24.1,28.3,2022-05-13 10:12,22.1,2022-05-13 22:22,22.8,93,74,2022-05-13 10:11,2.4,30,12.2,340,2022-05-13 15:42,2.0,4.2,1.0,2022-05-13 12:05,1.0,2022-05-13 12:05,0.8,6.0,10.04,...,...,...,...,...
14,5,14,1009.1,1011.4,1011.3,2022-05-14 22:32,1006.7,2022-05-14 03:11,20.9,22.2,2022-05-14 00:01,20.2,2022-05-14 21:56,20.4,97,91,2022-05-14 01:22,2.2,30,8.0,30,2022-05-14 14:26,18.0,12.4,1.5,2022-05-14 02:10,5.0,2022-05-14 01:33,0.0,0.0,4.89,...,...,...,...,...
15,5,15,1011.4,1013.8,1013.1,2022-05-15 21:16,1009.6,2022-05-15 02:14,18.5,20.3,2022-05-15 00:01,16.8,2022-05-15 20:04,17.5,94,79,2022-05-15 13:33,2.6,30,11.0,360,2022-05-15 10:45,4.5,7.7,1.0,2022-05-15 18:47,2.0,2022-05-15 18:47,0.0,0.0,5.62,...,...,...,...,...
16,5,16,1011.9,1014.3,1013.0,2022-05-16 10:10,1010.8,2022-05-16 04:37,17.0,18.7,2022-05-16 12:25,16.2,2022-05-16 04:00,16.6,97,93,2022-05-16 08:32,1.9,30,9.9,40,2022-05-16 16:19,27.0,15.5,1.5,2022-05-16 00:14,4.0,2022-05-16 19:21,0.0,0.0,5.86,...,...,...,...,...
17,5,17,1012.5,1014.8,1014.5,2022-05-17 22:07,1010.6,2022-05-17 03:14,19.8,23.5,2022-05-17 14:34,16.6,2022-05-17 00:19,16.1,80,57,2022-05-17 13:30,1.5,20,9.1,10,2022-05-17 13:43,3.5,1.8,1.0,2022-05-17 00:03,2.5,2022-05-17 00:03,0.3,2.2,15.35,...,...,...,...,...
18,5,18,1012.4,1014.7,1014.2,2022-05-18 08:37,1010.5,2022-05-18 23:57,23.5,27.4,2022-05-18 16:26,18.6,2022-05-18 05:21,19.4,78,66,2022-05-18 16:24,2.0,140,14.1,100,2022-05-18 22:47,0.0,0.0,0.0,...,0.0,...,5.6,41.8,20.27,...,...,...,...,...
19,5,19,1009.1,1011.4,1010.9,2022-05-19 09:02,1007.1,2022-05-19 16:33,25.1,29.4,2022-05-19 13:53,22.2,2022-05-19 23:18,21.7,82,69,2022-05-19 13:54,2.6,30,13.7,120,2022-05-19 02:05,0.0,0.4,0.0,2022-05-19 10:08,0.0,2022-05-19 10:08,2.0,14.9,16.03,...,...,...,...,...
20,5,20,1006.8,1009.1,1008.5,2022-05-20 00:01,1005.1,2022-05-20 17:42,23.5,27.0,2022-05-20 13:35,21.0,2022-05-20 23:54,21.5,89,75,2022-05-20 13:36,2.1,20,9.5,30,2022-05-20 14:07,0.0,0.0,0.0,...,0.0,...,6.2,46.2,23.04,...,...,...,...,...
21,5,21,1007.1,1009.4,1008.7,2022-05-21 21:35,1005.0,2022-05-21 02:14,22.2,24.1,2022-05-21 11:02,20.7,2022-05-21 23:45,20.1,88,77,2022-05-21 11:03,1.4,30,7.6,60,2022-05-21 11:35,1.0,3.0,0.5,2022-05-21 22:50,1.0,2022-05-21 22:50,0.0,0.0,6.85,...,...,...,...,...
22,5,22,1006.7,1009.0,1007.9,2022-05-22 09:34,1005.5,2022-05-22 15:52,22.2,24.4,2022-05-22 15:22,20.6,2022-05-22 02:07,21.0,93,83,2022-05-22 13:18,0.9,80,5.2,30,2022-05-22 10:14,1.0,1.4,0.5,2022-05-22 00:28,0.5,2022-05-22 00:28,0.0,0.0,5.35,...,...,...,...,...
23,5,23,1007.3,1009.6,1009.5,2022-05-23 21:39,1005.0,2022-05-23 03:31,22.5,24.5,2022-05-23 09:02,21.5,2022-05-23 03:38,22.1,97,93,2022-05-23 07:52,1.2,10,7.9,30,2022-05-23 13:54,0.5,1.9,0.5,2022-05-23 16:47,0.5,2022-05-23 16:47,0.0,0.0,5.35,...,...,...,...,...
24,5,24,1009.4,1011.7,1011.0,2022-05-24 21:56,1008.2,2022-05-24 02:27,22.3,24.3,2022-05-24 10:32,21.7,2022-05-24 02:12,21.9,98,92,2022-05-24 08:30,1.1,140,5.0,360,2022-05-24 12:44,54.5,10.7,3.0,2022-05-24 22:25,13.0,2022-05-24 22:15,0.0,0.0,4.74,...,...,...,...,...
25,5,25,1007.3,1009.6,1009.6,2022-05-25 00:01,1005.1,2022-05-25 16:02,22.5,23.4,2022-05-25 12:28,21.9,2022-05-25 00:01,22.5,100,100,2022-05-25 00:01,0.7,150,3.7,170,2022-05-25 23:51,188.5,18.5,7.0,2022-05-25 16:39,28.0,2022-05-25 16:21,0.0,0.0,2.01,...,...,...,...,...
26,5,26,1003.8,1006.1,1006.6,2022-05-26 00:11,1001.8,2022-05-26 16:17,22.7,25.9,2022-05-26 10:30,20.9,2022-05-26 22:51,22.6,100,91,2022-05-26 11:38,1.3,140,8.0,320,2022-05-26 15:42,70.5,12.2,5.0,2022-05-26 13:09,18.0,2022-05-26 12:46,0.1,0.7,5.46,...,...,...,...,...
27,5,27,1004.3,1006.6,1006.2,2022-05-27 22:01,1002.5,2022-05-27 03:08,22.1,23.4,2022-05-27 14:51,20.9,2022-05-27 00:06,22.1,100,99,2022-05-27 14:15,0.8,160,4.8,140,2022-05-27 20:02,56.0,9.9,5.0,2022-05-27 21:21,11.0,2022-05-27 08:51,0.0,0.0,4.17,...,...,...,...,...
28,5,28,1004.9,1007.2,1006.4,2022-05-28 10:31,1003.6,2022-05-28 02:18,24.6,26.9,2022-05-28 13:42,22.5,2022-05-28 00:02,24.2,98,90,2022-05-28 21:25,0.9,330,4.9,200,2022-05-28 14:48,0.5,2.2,0.5,2022-05-28 07:31,0.5,2022-05-28 07:31,0.4,3.0,8.66,...,...,...,...,...
29,5,29,1004.3,1006.6,1005.3,2022-05-29 00:01,1003.4,2022-05-29 13:32,27.0,31.7,2022-05-29 11:49,23.6,2022-05-29 06:02,24.7,88,64,2022-05-29 11:41,1.4,300,8.3,300,2022-05-29 12:06,0.0,0.0,0.0,...,0.0,...,10.4,76.9,25.15,...,...,...,...,...
30,5,30,1004.6,1006.9,1006.8,2022-05-30 22:36,1002.7,2022-05-30 14:21,27.4,30.9,2022-05-30 14:49,24.5,2022-05-30 01:17,25.3,88,74,2022-05-30 14:20,1.6,300,10.2,260,2022-05-30 13:16,1.5,0.3,1.5,2022-05-30 23:59,1.5,2022-05-30 23:59,7.4,54.6,20.34,...,...,...,...,...
31,5,31,1006.5,1008.8,1008.1,2022-05-31 09:18,1004.7,2022-05-31 02:08,25.8,28.5,2022-05-31 14:15,24.8,2022-05-31 20:30,25.3,97,83,2022-05-31 14:31,1.1,140,5.4,30,2022-05-31 12:21,5.0,1.3,3.0,2022-05-31 00:04,3.5,2022-05-31 00:01,0.4,3.0,9.55,...,...,...,...,...
1,6,01,1005.1,1007.4,1007.0,2022-06-01 00:13,1002.7,2022-06-01 16:13,27.4,30.2,2022-06-01 11:08,24.5,2022-06-01 04:16,25.3,89,74,2022-06-01 09:09,1.4,300,9.1,260,2022-06-01 14:51,0.0,0.1,0.0,2022-06-01 18:43,0.0,2022-06-01 18:43,4.8,35.4,19.42,...,...,...,...,...
2,6,02,1004.2,1006.5,1005.6,2022-06-02 22:44,1003.0,2022-06-02 14:34,28.1,31.5,2022-06-02 11:11,26.0,2022-06-02 00:48,25.3,85,66,2022-06-02 10:15,1.5,310,9.3,310,2022-06-02 11:58,0.0,0.0,0.0,...,0.0,...,4.4,32.4,18.83,...,...,...,...,...
3,6,03,1004.9,1007.2,1006.3,2022-06-03 22:48,1003.8,2022-06-03 05:09,28.0,31.4,2022-06-03 11:37,25.9,2022-06-03 05:48,24.8,83,63,2022-06-03 09:45,1.3,310,8.9,220,2022-06-03 11:33,0.0,0.3,0.0,2022-06-03 14:02,0.0,2022-06-03 14:02,3.1,22.8,16.57,...,...,...,...,...
4,6,04,1004.8,1007.1,1006.2,2022-06-04 08:34,1003.0,2022-06-04 16:49,28.0,31.4,2022-06-04 16:15,25.2,2022-06-04 05:06,25.1,84,69,2022-06-04 16:30,1.3,150,8.4,310,2022-06-04 12:44,0.0,0.0,0.0,...,0.0,...,4.4,32.4,20.34,...,...,...,...,...
5,6,05,1001.3,1003.6,1004.1,2022-06-05 00:01,999.2,2022-06-05 16:03,29.6,33.3,2022-06-05 12:12,25.6,2022-06-05 03:39,23.7,72,56,2022-06-05 10:20,1.9,260,13.7,300,2022-06-05 14:47,0.0,0.0,0.0,...,0.0,...,9.2,67.6,25.66,...,...,...,...,...
6,6,06,1001.1,1003.4,1004.4,2022-06-06 21:44,998.3,2022-06-06 02:19,26.9,30.4,2022-06-06 02:20,22.8,2022-06-06 20:27,23.3,82,54,2022-06-06 02:19,2.1,240,13.2,220,2022-06-06 11:46,26.5,8.6,4.0,2022-06-06 23:32,8.0,2022-06-06 23:07,1.2,8.8,5.17,...,...,...,...,...
7,6,07,1005.0,1007.3,1007.2,2022-06-07 22:41,1002.8,2022-06-07 03:33,22.3,24.8,2022-06-07 11:07,19.9,2022-06-07 18:50,22.1,99,96,2022-06-07 07:29,1.3,150,7.6,40,2022-06-07 11:41,49.0,9.9,4.5,2022-06-07 00:35,12.5,2022-06-07 12:32,0.0,0.0,3.41,...,...,...,...,...
8,6,08,1006.9,1009.2,1008.1,2022-06-08 09:45,1006.1,2022-06-08 01:42,21.9,23.0,2022-06-08 14:04,21.2,2022-06-08 19:01,21.8,100,98,2022-06-08 00:02,1.4,150,8.1,240,2022-06-08 12:53,60.5,14.8,6.5,2022-06-08 09:44,14.5,2022-06-08 12:56,0.0,0.0,3.24,...,...,...,...,...
9,6,09,1006.4,1008.7,1007.6,2022-06-09 21:09,1005.1,2022-06-09 15:59,24.3,27.8,2022-06-09 15:24,21.6,2022-06-09 00:31,24.0,98,86,2022-06-09 15:52,1.1,140,4.7,160,2022-06-09 04:10,18.5,4.9,6.5,2022-06-09 19:25,11.0,2022-06-09 19:11,0.6,4.4,9.52,...,...,...,...,...
10,6,10,1004.5,1006.8,1006.2,2022-06-10 00:01,1003.1,2022-06-10 15:28,26.0,29.5,2022-06-10 13:53,23.9,2022-06-10 04:12,24.9,94,75,2022-06-10 13:48,1.2,150,5.8,190,2022-06-10 20:51,1.5,3.4,0.5,2022-06-10 07:43,1.5,2022-06-10 07:43,0.1,0.7,9.18,...,...,...,...,...
11,6,11,1006.2,1008.5,1008.6,2022-06-11 22:07,1003.8,2022-06-11 04:23,25.3,30.2,2022-06-11 10:40,22.9,2022-06-11 23:55,23.9,92,69,2022-06-11 09:45,1.7,160,12.4,10,2022-06-11 14:01,0.0,2.2,0.0,2022-06-11 12:08,0.0,2022-06-11 12:08,0.8,5.9,10.48,...,...,...,...,...
12,6,12,1006.6,1008.9,1007.8,2022-06-12 09:43,1005.6,2022-06-12 15:26,24.3,25.9,2022-06-12 14:42,22.5,2022-06-12 02:23,24.1,99,95,2022-06-12 17:35,0.9,160,4.4,160,2022-06-12 02:52,20.5,6.6,2.5,2022-06-12 02:03,8.5,2022-06-12 11:48,0.0,0.0,5.65,...,...,...,...,...
13,6,13,1003.6,1005.9,1005.7,2022-06-13 00:01,1002.6,2022-06-13 13:51,27.4,31.7,2022-06-13 13:31,23.8,2022-06-13 04:28,24.6,85,68,2022-06-13 13:32,1.6,240,10.3,230,2022-06-13 12:48,0.0,0.0,0.0,...,0.0,...,4.1,30.0,19.25,...,...,...,...,...
14,6,14,1005.0,1007.3,1008.5,2022-06-14 22:16,1003.1,2022-06-14 05:31,27.9,33.2,2022-06-14 12:15,24.5,2022-06-14 23:52,24.3,82,57,2022-06-14 11:29,1.8,30,11.6,290,2022-06-14 15:29,0.0,0.2,0.0,2022-06-14 21:30,0.0,2022-06-14 21:30,5.8,42.5,21.15,...,...,...,...,...
15,6,15,1007.7,1010.0,1009.5,2022-06-15 22:57,1005.8,2022-06-15 07:54,25.3,26.7,2022-06-15 13:01,24.1,2022-06-15 15:22,24.8,97,88,2022-06-15 05:32,0.9,140,9.7,250,2022-06-15 14:40,11.5,6.1,1.5,2022-06-15 14:42,5.0,2022-06-15 14:30,0.0,0.0,4.08,...,...,...,...,...
16,6,16,1008.0,1010.3,1010.6,2022-06-16 09:25,1006.6,2022-06-16 14:12,25.5,29.1,2022-06-16 12:08,23.1,2022-06-16 09:39,24.4,94,72,2022-06-16 12:05,1.2,140,8.3,130,2022-06-16 09:40,5.0,5.2,1.0,2022-06-16 08:38,2.0,2022-06-16 08:38,1.2,8.8,9.66,...,...,...,...,...
17,6,17,1006.5,1008.8,1007.5,2022-06-17 22:26,1005.9,2022-06-17 04:37,26.9,30.6,2022-06-17 11:24,24.5,2022-06-17 01:42,25.0,90,68,2022-06-17 12:05,1.2,140,7.3,310,2022-06-17 11:41,0.0,0.3,0.0,2022-06-17 04:17,0.0,2022-06-17 04:17,1.9,13.9,14.46,...,...,...,...,...
18,6,18,1005.8,1008.1,1007.0,2022-06-18 21:54,1004.7,2022-06-18 15:04,28.4,31.7,2022-06-18 15:05,25.2,2022-06-18 04:33,24.9,82,65,2022-06-18 09:22,1.3,300,9.4,300,2022-06-18 15:24,0.0,0.0,0.0,...,0.0,...,9.5,69.5,25.13,...,...,...,...,...
19,6,19,1005.6,1007.9,1006.3,2022-06-19 07:05,1004.5,2022-06-19 15:05,28.2,32.4,2022-06-19 11:13,24.9,2022-06-19 05:12,25.0,83,63,2022-06-19 09:51,1.4,300,8.3,290,2022-06-19 12:29,0.0,0.0,0.0,...,0.0,...,8.8,64.4,24.08,...,...,...,...,...
20,6,20,1003.8,1006.0,1005.1,2022-06-20 00:01,1002.2,2022-06-20 15:45,28.8,33.0,2022-06-20 12:25,25.1,2022-06-20 04:11,24.3,78,58,2022-06-20 11:01,1.5,280,10.4,250,2022-06-20 16:43,0.0,0.0,0.0,...,0.0,...,10.3,75.4,27.62,...,...,...,...,...
21,6,21,1005.1,1007.4,1007.2,2022-06-21 22:47,1002.1,2022-06-21 02:10,28.4,31.3,2022-06-21 11:11,25.8,2022-06-21 04:25,24.7,81,70,2022-06-21 07:50,1.5,300,8.3,300,2022-06-21 12:25,0.0,0.0,0.0,...,0.0,...,2.5,18.3,18.21,...,...,...,...,...
22,6,22,1008.2,1010.5,1009.9,2022-06-22 22:00,1006.0,2022-06-22 04:04,29.0,32.4,2022-06-22 13:32,25.3,2022-06-22 05:49,25.3,81,67,2022-06-22 18:09,1.9,150,9.3,310,2022-06-22 15:48,0.0,0.0,0.0,...,0.0,...,11.4,83.5,27.18,...,...,...,...,...
23,6,23,1008.6,1010.9,1010.2,2022-06-23 07:56,1007.0,2022-06-23 14:39,28.4,32.1,2022-06-23 09:29,25.7,2022-06-23 04:51,25.5,85,65,2022-06-23 09:13,1.5,150,8.0,290,2022-06-23 11:01,0.0,0.3,0.0,2022-06-23 16:04,0.0,2022-06-23 16:04,8.5,62.2,22.54,...,...,...,...,...
24,6,24,1006.9,1009.2,1008.2,2022-06-24 07:43,1005.6,2022-06-24 23:52,27.5,32.2,2022-06-24 10:00,24.7,2022-06-24 04:55,25.0,86,63,2022-06-24 10:05,2.2,150,11.6,300,2022-06-24 13:25,1.0,1.3,0.5,2022-06-24 17:06,1.0,2022-06-24 17:06,6.6,48.3,19.31,...,...,...,...,...
25,6,25,1006.8,1009.1,1008.2,2022-06-25 21:36,1004.5,2022-06-25 02:28,27.2,31.9,2022-06-25 10:46,24.8,2022-06-25 05:14,25.0,88,65,2022-06-25 10:44,1.6,160,6.7,310,2022-06-25 13:05,2.0,1.5,0.5,2022-06-25 15:14,2.0,2022-06-25 15:14,5.2,38.1,16.56,...,...,...,...,...
26,6,26,1008.6,1010.9,1009.9,2022-06-26 09:03,1007.0,2022-06-26 01:56,28.3,32.7,2022-06-26 11:36,24.0,2022-06-26 04:10,24.6,81,60,2022-06-26 11:03,1.1,290,6.3,280,2022-06-26 13:00,0.0,0.0,0.0,...,0.0,...,8.9,65.2,24.84,...,...,...,...,...
27,6,27,1007.0,1009.3,1008.9,2022-06-27 07:38,1005.0,2022-06-27 23:55,29.2,32.1,2022-06-27 12:47,25.8,2022-06-27 05:01,24.7,77,63,2022-06-27 20:36,1.4,150,9.0,140,2022-06-27 23:45,0.0,0.0,0.0,...,0.0,...,8.9,65.2,24.15,...,...,...,...,...
28,6,28,1004.1,1006.4,1005.7,2022-06-28 06:22,1002.0,2022-06-28 23:54,29.3,33.0,2022-06-28 12:41,26.2,2022-06-28 04:47,24.8,77,64,2022-06-28 23:34,1.6,20,7.2,160,2022-06-28 00:08,0.0,0.0,0.0,...,0.0,...,7.8,57.2,23.54,...,...,...,...,...
29,6,29,1002.9,1005.2,1004.7,2022-06-29 22:02,1000.7,2022-06-29 16:28,29.1,32.8,2022-06-29 12:58,26.7,2022-06-29 22:13,24.4,76,60,2022-06-29 16:30,1.6,150,9.0,150,2022-06-29 17:19,0.0,0.2,0.0,2022-06-29 23:59,0.0,2022-06-29 05:06,5.2,38.1,17.40,...,...,...,...,...
30,6,30,1002.3,1004.5,1004.3,2022-06-30 00:01,1001.0,2022-06-30 17:15,30.6,34.5,2022-06-30 11:52,26.4,2022-06-30 01:07,23.0,65,52,2022-06-30 13:37,2.8,140,12.3,130,2022-06-30 09:47,0.0,0.0,0.0,...,0.0,...,11.3,82.9,27.54,...,...,...,...,...
1,7,01,1003.4,1005.7,1005.3,2022-07-01 22:30,1002.1,2022-07-01 03:21,30.5,34.0,2022-07-01 14:10,28.4,2022-07-01 06:07,23.1,65,55,2022-07-01 14:21,2.8,140,12.5,110,2022-07-01 10:16,0.0,0.0,0.0,...,0.0,...,11.3,82.9,27.48,...,...,...,...,...
2,7,02,1005.0,1007.3,1006.3,2022-07-02 10:37,1003.7,2022-07-02 16:31,27.4,29.8,2022-07-02 16:12,25.2,2022-07-02 07:23,25.5,90,71,2022-07-02 00:24,0.8,140,5.5,290,2022-07-02 06:15,6.5,2.0,2.0,2022-07-02 06:05,3.5,2022-07-02 06:05,2.6,19.1,11.81,...,...,...,...,...
3,7,03,1004.0,1006.3,1005.0,2022-07-03 00:01,1002.7,2022-07-03 15:47,28.7,31.8,2022-07-03 12:06,25.9,2022-07-03 00:42,25.9,86,70,2022-07-03 14:38,1.5,310,8.1,320,2022-07-03 13:31,0.5,0.1,0.5,2022-07-03 05:36,0.5,2022-07-03 05:36,6.0,44.1,21.23,...,...,...,...,...
4,7,04,1003.2,1005.5,1004.5,2022-07-04 21:07,1002.1,2022-07-04 03:35,27.7,31.8,2022-07-04 09:24,24.9,2022-07-04 23:45,25.4,88,66,2022-07-04 09:26,1.5,300,7.1,310,2022-07-04 11:14,9.5,2.8,1.5,2022-07-04 15:04,3.0,2022-07-04 15:04,4.2,30.9,14.21,...,...,...,...,...
5,7,05,1004.5,1006.8,1005.7,2022-07-05 22:43,1003.3,2022-07-05 02:14,27.2,33.2,2022-07-05 11:33,25.0,2022-07-05 22:31,25.5,91,58,2022-07-05 11:30,1.4,140,7.6,280,2022-07-05 11:44,22.5,1.9,8.5,2022-07-05 14:05,20.5,2022-07-05 13:59,8.0,58.8,19.50,...,...,...,...,...
6,7,06,1006.1,1008.4,1007.6,2022-07-06 20:46,1004.8,2022-07-06 03:37,28.0,32.3,2022-07-06 12:52,25.0,2022-07-06 00:45,25.9,89,64,2022-07-06 09:08,1.6,140,7.9,300,2022-07-06 12:32,1.0,0.7,0.5,2022-07-06 19:21,0.5,2022-07-06 19:21,7.2,53.0,20.49,...,...,...,...,...
7,7,07,1007.5,1009.8,1008.4,2022-07-07 07:58,1006.6,2022-07-07 01:03,28.7,32.6,2022-07-07 10:45,25.7,2022-07-07 05:23,26.0,86,63,2022-07-07 10:27,1.0,140,6.1,330,2022-07-07 12:19,0.0,0.0,0.0,...,0.0,...,8.4,61.8,20.87,...,...,...,...,...
8,7,08,1006.3,1008.6,1007.6,2022-07-08 00:03,1004.7,2022-07-08 16:25,29.1,32.4,2022-07-08 10:17,26.0,2022-07-08 05:19,25.7,83,65,2022-07-08 09:24,1.5,300,6.0,300,2022-07-08 14:08,0.0,0.0,0.0,...,0.0,...,11.5,84.7,26.38,...,...,...,...,...
9,7,09,1004.4,1006.7,1005.5,2022-07-09 00:01,1003.1,2022-07-09 16:34,29.4,32.0,2022-07-09 11:52,26.5,2022-07-09 01:35,26.8,86,77,2022-07-09 08:45,1.7,310,7.9,340,2022-07-09 13:12,0.0,0.0,0.0,...,0.0,...,9.5,70.0,25.11,...,...,...,...,...
10,7,10,1004.9,1007.2,1005.8,2022-07-10 06:39,1003.9,2022-07-10 15:31,29.7,32.3,2022-07-10 09:53,26.8,2022-07-10 02:57,26.7,84,72,2022-07-10 09:11,1.5,300,7.5,310,2022-07-10 11:44,0.0,0.0,0.0,...,0.0,...,8.7,64.2,24.70,...,...,...,...,...
11,7,11,1005.6,1007.9,1007.3,2022-07-11 22:13,1004.7,2022-07-11 15:38,29.6,32.8,2022-07-11 10:05,27.0,2022-07-11 04:48,26.4,84,69,2022-07-11 09:33,1.5,310,7.7,300,2022-07-11 10:28,0.0,0.0,0.0,...,0.0,...,10.8,79.7,26.57,...,...,...,...,...
12,7,12,1005.7,1008.0,1006.8,2022-07-12 09:17,1004.1,2022-07-12 16:35,29.6,32.3,2022-07-12 13:20,27.4,2022-07-12 23:46,26.1,82,64,2022-07-12 15:09,1.5,300,6.8,290,2022-07-12 09:30,0.0,0.1,0.0,2022-07-12 02:03,0.0,2022-07-12 02:03,8.5,62.8,23.90,...,...,10,2022-07-12 13:00,...
13,7,13,1004.2,1006.5,1006.3,2022-07-13 08:34,1002.1,2022-07-13 23:50,30.1,33.1,2022-07-13 13:26,26.2,2022-07-13 02:07,24.7,73,61,2022-07-13 13:49,1.5,140,9.0,150,2022-07-13 22:46,0.0,0.1,0.0,2022-07-13 08:01,0.0,2022-07-13 08:01,8.2,60.6,22.70,...,...,10,2022-07-13 12:00,...
14,7,14,1003.1,1005.4,1004.9,2022-07-14 21:49,1001.9,2022-07-14 00:09,29.8,32.3,2022-07-14 16:09,27.1,2022-07-14 05:21,24.5,74,60,2022-07-14 00:29,1.3,300,7.8,160,2022-07-14 00:24,0.0,0.0,0.0,...,0.0,...,10.0,74.0,21.06,...,...,9,2022-07-14 12:00,...
15,7,15,1002.7,1005.0,1004.1,2022-07-15 08:31,1001.4,2022-07-15 16:17,30.8,35.2,2022-07-15 12:04,27.4,2022-07-15 00:23,23.2,65,51,2022-07-15 12:05,1.1,240,7.4,240,2022-07-15 14:48,0.0,0.0,0.0,...,0.0,...,6.4,47.4,21.38,...,...,11,2022-07-15 12:00,...
16,7,16,1002.0,1004.3,1003.5,2022-07-16 22:14,1000.9,2022-07-16 15:26,31.7,35.7,2022-07-16 12:24,28.6,2022-07-16 01:44,24.0,64,53,2022-07-16 00:20,1.4,280,10.8,270,2022-07-16 11:17,0.0,0.0,0.0,...,0.0,...,11.3,83.8,25.51,...,...,10,2022-07-16 13:00,...
17,7,17,1002.2,1004.5,1003.6,2022-07-17 08:14,1000.0,2022-07-17 16:00,31.7,35.3,2022-07-17 12:03,27.8,2022-07-17 04:42,24.6,66,55,2022-07-17 10:48,1.4,270,9.3,290,2022-07-17 12:41,0.0,0.0,0.0,...,0.0,...,11.3,83.8,26.43,...,...,10,2022-07-17 12:00,...
18,7,18,1003.0,1005.3,1005.4,2022-07-18 22:57,1001.5,2022-07-18 15:28,31.1,34.9,2022-07-18 11:41,27.5,2022-07-18 03:41,24.8,70,52,2022-07-18 11:03,1.2,300,8.9,260,2022-07-18 10:56,0.0,0.0,0.0,...,0.0,...,8.8,65.4,22.12,...,...,9,2022-07-18 12:00,...
19,7,19,1006.3,1008.6,1008.6,2022-07-19 21:32,1004.8,2022-07-19 02:19,29.7,33.5,2022-07-19 12:13,27.4,2022-07-19 04:23,26.2,82,68,2022-07-19 12:13,1.6,300,10.0,280,2022-07-19 12:01,0.0,0.4,0.0,2022-07-19 17:02,0.0,2022-07-19 17:02,6.7,49.8,20.16,...,...,11,2022-07-19 13:00,...
20,7,20,1008.8,1011.1,1010.5,2022-07-20 21:47,1007.6,2022-07-20 01:39,29.7,33.2,2022-07-20 12:04,26.9,2022-07-20 05:30,26.3,83,70,2022-07-20 08:44,2.0,140,8.2,300,2022-07-20 16:01,0.5,0.6,0.5,2022-07-20 17:30,0.5,2022-07-20 17:30,9.5,70.7,25.23,...,...,11,2022-07-20 13:00,...
21,7,21,1009.5,1011.8,1010.6,2022-07-21 08:17,1008.3,2022-07-21 15:24,30.4,35.1,2022-07-21 10:32,26.4,2022-07-21 04:55,25.8,77,53,2022-07-21 10:37,1.7,310,9.0,300,2022-07-21 16:30,0.0,0.0,0.0,...,0.0,...,12.3,91.7,27.54,...,...,12,2022-07-21 12:00,...
22,7,22,1008.0,1010.3,1009.6,2022-07-22 00:01,1006.6,2022-07-22 15:11,30.7,34.1,2022-07-22 14:27,27.6,2022-07-22 04:06,26.4,78,64,2022-07-22 14:27,1.8,310,7.6,310,2022-07-22 16:00,0.0,0.0,0.0,...,0.0,...,12.3,91.8,27.53,...,...,11,2022-07-22 13:00,...
23,7,23,1006.0,1008.3,1007.9,2022-07-23 00:01,1004.6,2022-07-23 15:43,31.0,34.5,2022-07-23 14:29,28.5,2022-07-23 01:26,26.4,77,63,2022-07-23 09:36,1.6,300,8.8,300,2022-07-23 12:16,0.0,0.0,0.0,...,0.0,...,11.0,82.2,26.92,...,...,11,2022-07-23 13:00,...
24,7,24,1005.0,1007.3,1006.2,2022-07-24 07:21,1003.4,2022-07-24 16:15,30.5,33.6,2022-07-24 12:44,28.0,2022-07-24 22:04,26.6,80,64,2022-07-24 09:12,1.8,300,7.9,300,2022-07-24 12:00,0.0,0.0,0.0,...,0.0,...,10.9,81.5,27.19,...,...,11,2022-07-24 12:00,...
25,7,25,1006.4,1008.6,1007.8,2022-07-25 08:13,1004.8,2022-07-25 16:50,30.4,34.5,2022-07-25 13:38,27.5,2022-07-25 23:54,26.7,81,66,2022-07-25 14:36,1.1,300,6.9,300,2022-07-25 13:16,0.0,0.0,0.0,...,0.0,...,10.2,76.4,26.18,...,...,11,2022-07-25 12:00,...
26,7,26,1006.2,1008.5,1007.2,2022-07-26 08:29,1004.6,2022-07-26 17:02,29.6,33.5,2022-07-26 13:48,27.2,2022-07-26 00:50,25.6,79,69,2022-07-26 12:07,1.4,300,6.7,300,2022-07-26 12:38,0.0,0.0,0.0,...,0.0,...,9.2,69.0,22.96,...,...,10,2022-07-26 13:00,...
27,7,27,1005.5,1007.8,1006.6,2022-07-27 09:39,1004.4,2022-07-27 15:42,29.8,33.8,2022-07-27 13:36,26.9,2022-07-27 00:52,25.4,78,60,2022-07-27 13:32,1.2,300,5.8,280,2022-07-27 11:22,0.0,0.0,0.0,...,0.0,...,11.1,83.3,26.71,...,...,12,2022-07-27 12:00,...
28,7,28,1004.6,1006.9,1005.7,2022-07-28 00:01,1002.9,2022-07-28 17:26,29.7,34.2,2022-07-28 12:18,26.1,2022-07-28 02:17,24.3,73,54,2022-07-28 12:42,1.4,20,7.4,30,2022-07-28 14:50,0.0,0.0,0.0,...,0.0,...,11.3,84.9,26.33,...,...,11,2022-07-28 12:00,...
29,7,29,1003.0,1005.3,1004.1,2022-07-29 07:42,1001.0,2022-07-29 16:42,29.5,34.1,2022-07-29 12:11,25.7,2022-07-29 05:19,24.8,77,57,2022-07-29 14:36,1.5,330,6.7,330,2022-07-29 13:13,8.0,0.6,5.5,2022-07-29 23:39,8.0,2022-07-29 23:39,9.6,72.2,25.19,...,...,11,2022-07-29 12:00,...
30,7,30,1001.0,1003.3,1003.2,2022-07-30 00:01,999.6,2022-07-30 16:26,28.1,32.8,2022-07-30 13:36,25.4,2022-07-30 04:57,26.1,89,68,2022-07-30 13:36,1.3,10,9.0,40,2022-07-30 13:45,6.5,0.7,5.0,2022-07-30 10:23,6.5,2022-07-30 10:23,1.9,14.3,14.86,...,...,12,2022-07-30 14:00,...
31,7,31,1001.7,1004.0,1003.2,2022-07-31 21:35,1000.5,2022-07-31 02:50,29.4,33.0,2022-07-31 15:17,26.0,2022-07-31 03:55,26.4,84,67,2022-07-31 15:44,1.2,300,5.5,310,2022-07-31 12:55,1.0,0.2,1.0,2022-07-31 03:23,1.0,2022-07-31 03:23,9.9,74.7,24.57,...,...,12,2022-07-31 12:00,...
1,8,01,1004.2,1006.5,1006.2,2022-08-01 21:33,1002.6,2022-08-01 01:29,29.9,33.8,2022-08-01 12:40,26.3,2022-08-01 23:52,26.0,81,60,2022-08-01 14:52,1.5,80,8.2,300,2022-08-01 12:33,9.5,0.6,5.5,2022-08-01 18:29,9.5,2022-08-01 18:29,9.6,72.5,23.95,...,...,11,2022-08-01 13:00,...
2,8,02,1006.6,1008.9,1008.5,2022-08-02 08:53,1004.8,2022-08-02 00:33,26.0,28.4,2022-08-02 07:38,23.7,2022-08-02 09:09,25.5,98,89,2022-08-02 04:47,1.0,140,8.0,280,2022-08-02 08:48,74.5,3.6,21.5,2022-08-02 08:24,67.5,2022-08-02 08:10,0.0,0.0,4.40,...,...,5,2022-08-02 11:00,...
3,8,03,1006.8,1009.1,1008.3,2022-08-03 08:24,1005.3,2022-08-03 18:09,28.8,32.8,2022-08-03 12:10,25.2,2022-08-03 03:32,24.6,79,61,2022-08-03 11:29,1.6,150,8.4,100,2022-08-03 19:38,0.0,0.0,0.0,...,0.0,...,7.6,57.6,22.90,...,...,12,2022-08-03 12:00,...
4,8,04,1007.4,1009.7,1008.6,2022-08-04 08:26,1006.1,2022-08-04 17:25,29.0,33.0,2022-08-04 12:52,26.9,2022-08-04 22:29,26.0,84,67,2022-08-04 14:49,1.1,160,6.0,320,2022-08-04 13:58,1.0,0.7,0.5,2022-08-04 15:39,1.0,2022-08-04 15:39,7.2,54.6,21.01,...,...,12,2022-08-04 13:00,...
5,8,05,1007.6,1009.9,1009.4,2022-08-05 07:08,1005.7,2022-08-05 17:31,29.2,32.9,2022-08-05 13:20,26.3,2022-08-05 02:33,25.5,81,62,2022-08-05 12:19,1.0,130,6.0,350,2022-08-05 14:24,0.0,0.0,0.0,...,0.0,...,8.3,63.1,22.61,...,...,13,2022-08-05 13:00,...
6,8,06,1006.2,1008.5,1007.6,2022-08-06 00:11,1003.7,2022-08-06 15:35,29.9,35.5,2022-08-06 13:20,26.5,2022-08-06 04:18,24.7,75,44,2022-08-06 13:03,1.3,300,6.8,310,2022-08-06 14:18,0.0,0.0,0.0,...,0.0,...,9.7,73.8,25.84,...,...,12,2022-08-06 13:00,...
7,8,07,1005.8,1008.1,1007.7,2022-08-07 22:31,1003.3,2022-08-07 15:59,30.1,34.7,2022-08-07 15:16,26.1,2022-08-07 03:33,24.6,73,49,2022-08-07 15:34,1.3,160,7.5,140,2022-08-07 17:45,0.0,0.0,0.0,...,0.0,...,10.8,82.3,25.31,...,...,11,2022-08-07 12:00,...
8,8,08,1006.1,1008.4,1007.9,2022-08-08 09:28,1004.1,2022-08-08 15:07,30.1,34.2,2022-08-08 14:15,27.1,2022-08-08 05:24,25.1,75,60,2022-08-08 13:48,1.6,140,7.5,150,2022-08-08 21:57,0.0,0.0,0.0,...,0.0,...,9.2,70.2,24.18,...,...,11,2022-08-08 13:00,...
9,8,09,1005.5,1007.7,1007.1,2022-08-09 22:53,1003.1,2022-08-09 14:27,30.8,35.5,2022-08-09 15:02,27.5,2022-08-09 05:36,24.0,68,45,2022-08-09 14:38,1.6,150,8.4,220,2022-08-09 13:42,0.0,0.0,0.0,...,0.0,...,11.1,84.9,25.21,...,...,11,2022-08-09 13:00,...
10,8,10,1006.4,1008.7,1007.4,2022-08-10 21:58,1005.4,2022-08-10 18:03,29.9,32.8,2022-08-10 11:12,27.0,2022-08-10 04:29,24.9,75,65,2022-08-10 22:39,1.3,140,6.5,310,2022-08-10 11:16,0.0,0.0,0.0,...,0.0,...,7.8,59.7,19.70,...,...,10,2022-08-10 11:00,...
11,8,11,1007.0,1009.3,1008.2,2022-08-11 10:09,1005.8,2022-08-11 16:20,29.3,32.1,2022-08-11 12:55,26.2,2022-08-11 07:45,26.1,84,68,2022-08-11 00:08,1.0,300,5.3,300,2022-08-11 12:10,4.5,0.5,3.0,2022-08-11 07:26,4.5,2022-08-11 07:26,8.3,63.7,22.29,...,...,12,2022-08-11 13:00,...
12,8,12,1006.8,1009.1,1007.8,2022-08-12 09:13,1005.6,2022-08-12 16:17,29.7,32.7,2022-08-12 12:54,27.4,2022-08-12 04:27,26.2,82,65,2022-08-12 09:45,1.3,300,7.1,310,2022-08-12 14:18,0.0,0.0,0.0,...,0.0,...,10.0,76.8,25.46,...,...,12,2022-08-12 13:00,...
13,8,13,1006.3,1008.6,1007.5,2022-08-13 09:23,1005.2,2022-08-13 17:07,29.7,33.4,2022-08-13 13:56,26.4,2022-08-13 05:19,25.5,79,62,2022-08-13 13:57,1.1,300,6.6,310,2022-08-13 14:18,0.0,0.0,0.0,...,0.0,...,9.3,71.6,24.67,...,...,12,2022-08-13 12:00,...
14,8,14,1005.5,1007.8,1006.7,2022-08-14 06:53,1004.0,2022-08-14 16:08,30.4,33.7,2022-08-14 13:31,27.0,2022-08-14 05:27,25.3,74,63,2022-08-14 17:37,1.5,140,8.2,100,2022-08-14 21:19,0.0,0.0,0.0,...,0.0,...,6.7,51.7,20.24,...,...,11,2022-08-14 11:00,...
15,8,15,1004.2,1006.5,1005.7,2022-08-15 09:46,1002.8,2022-08-15 17:15,30.3,32.9,2022-08-15 09:29,28.3,2022-08-15 04:37,25.5,76,65,2022-08-15 18:35,1.4,140,6.4,180,2022-08-15 00:54,0.0,0.0,0.0,...,0.0,...,6.4,49.4,18.49,...,...,10,2022-08-15 12:00,...
16,8,16,1005.0,1007.3,1006.2,2022-08-16 08:49,1003.6,2022-08-16 16:58,30.1,33.5,2022-08-16 13:19,28.0,2022-08-16 05:15,25.9,78,65,2022-08-16 14:31,0.9,300,6.2,280,2022-08-16 14:03,0.0,0.0,0.0,...,0.0,...,5.8,44.9,19.23,...,...,11,2022-08-16 12:00,...
17,8,17,1005.2,1007.5,1006.5,2022-08-17 22:36,1003.0,2022-08-17 16:23,30.5,34.7,2022-08-17 15:41,27.6,2022-08-17 05:21,25.3,75,54,2022-08-17 15:41,1.5,120,8.2,340,2022-08-17 13:40,0.0,0.0,0.0,...,0.0,...,5.7,44.2,17.07,...,...,10,2022-08-17 13:00,...
18,8,18,1004.5,1006.8,1005.9,2022-08-18 00:01,1003.5,2022-08-18 04:19,28.8,30.6,2022-08-18 10:08,26.7,2022-08-18 04:40,26.0,85,75,2022-08-18 22:18,1.1,300,6.5,300,2022-08-18 13:50,0.5,0.2,0.5,2022-08-18 10:40,0.5,2022-08-18 10:40,0.7,5.4,8.60,...,...,4,2022-08-18 10:00,...
19,8,19,1006.2,1008.5,1008.4,2022-08-19 22:52,1004.3,2022-08-19 02:04,29.8,33.7,2022-08-19 11:02,27.1,2022-08-19 23:48,25.9,80,63,2022-08-19 11:03,1.2,320,6.3,280,2022-08-19 13:01,3.5,0.5,2.0,2022-08-19 22:32,3.5,2022-08-19 22:19,6.1,47.4,20.02,...,...,12,2022-08-19 13:00,...
20,8,20,1007.6,1009.9,1008.9,2022-08-20 09:06,1006.7,2022-08-20 16:07,29.1,32.3,2022-08-20 12:53,26.7,2022-08-20 05:30,25.9,83,67,2022-08-20 19:34,1.5,300,7.1,300,2022-08-20 13:08,0.0,0.0,0.0,...,0.0,...,7.4,57.7,20.75,...,...,10,2022-08-20 13:00,...
21,8,21,1005.5,1007.8,1007.2,2022-08-21 00:01,1004.0,2022-08-21 16:59,29.5,32.8,2022-08-21 13:23,26.3,2022-08-21 04:25,25.0,77,64,2022-08-21 19:07,1.6,300,9.0,300,2022-08-21 14:14,0.0,0.0,0.0,...,0.0,...,11.8,92.1,24.28,...,...,10,2022-08-21 12:00,...
22,8,22,1003.9,1006.1,1005.3,2022-08-22 10:58,1002.6,2022-08-22 17:01,30.4,35.1,2022-08-22 12:55,26.1,2022-08-22 05:23,24.3,70,47,2022-08-22 23:08,1.2,300,7.2,130,2022-08-22 22:20,0.0,0.0,0.0,...,0.0,...,11.7,91.5,25.25,...,...,11,2022-08-22 13:00,...
23,8,23,1003.3,1005.6,1005.3,2022-08-23 08:58,1001.2,2022-08-23 16:49,31.4,36.5,2022-08-23 15:53,26.7,2022-08-23 04:07,23.9,65,47,2022-08-23 15:51,1.9,150,12.3,170,2022-08-23 21:06,0.0,0.0,0.0,...,0.0,...,10.6,83.0,23.47,...,...,9,2022-08-23 12:00,...
24,8,24,1003.5,1005.8,1007.4,2022-08-24 23:37,1000.9,2022-08-24 03:03,31.9,37.4,2022-08-24 12:52,29.2,2022-08-24 20:02,24.4,66,46,2022-08-24 12:58,2.1,150,11.3,170,2022-08-24 01:44,0.0,0.0,0.0,...,0.0,...,8.6,67.5,23.68,...,...,12,2022-08-24 12:00,...
25,8,25,1008.2,1010.5,1010.3,2022-08-25 21:35,1006.1,2022-08-25 03:31,29.4,33.7,2022-08-25 12:25,26.2,2022-08-25 18:06,25.6,80,64,2022-08-25 13:07,1.7,150,9.3,140,2022-08-25 16:27,0.0,0.1,0.0,2022-08-25 17:01,0.0,2022-08-25 17:01,6.5,51.1,20.34,...,...,11,2022-08-25 12:00,...
26,8,26,1007.9,1010.2,1009.2,2022-08-26 00:01,1006.5,2022-08-26 15:47,30.2,33.6,2022-08-26 09:42,26.8,2022-08-26 01:01,25.0,74,57,2022-08-26 09:34,1.4,300,9.4,330,2022-08-26 10:30,0.0,0.0,0.0,...,0.0,...,10.4,81.9,24.23,...,...,11,2022-08-26 12:00,...
27,8,27,1006.2,1008.5,1008.4,2022-08-27 00:01,1003.9,2022-08-27 15:28,30.6,34.0,2022-08-27 12:20,26.9,2022-08-27 05:31,24.7,71,56,2022-08-27 17:45,1.1,300,6.2,290,2022-08-27 15:41,0.0,0.0,0.0,...,0.0,...,10.7,84.5,24.97,...,...,11,2022-08-27 12:00,...
28,8,28,1006.9,1009.2,1008.4,2022-08-28 09:43,1005.3,2022-08-28 16:29,29.4,33.6,2022-08-28 13:16,27.0,2022-08-28 23:38,25.0,78,63,2022-08-28 13:18,0.9,140,4.9,40,2022-08-28 13:00,5.0,0.6,3.5,2022-08-28 09:43,5.0,2022-08-28 09:43,3.1,24.5,13.37,...,...,9,2022-08-28 12:00,...
29,8,29,1007.5,1009.7,1008.4,2022-08-29 08:26,1005.7,2022-08-29 15:38,30.2,35.5,2022-08-29 14:27,26.3,2022-08-29 03:38,24.9,74,56,2022-08-29 15:42,1.1,140,6.6,30,2022-08-29 15:05,0.0,0.0,0.0,...,0.0,...,7.9,62.6,19.76,...,...,10,2022-08-29 11:00,...
30,8,30,1005.9,1008.2,1007.9,2022-08-30 00:06,1003.9,2022-08-30 16:38,30.3,34.3,2022-08-30 12:42,27.6,2022-08-30 05:56,25.0,74,59,2022-08-30 22:47,1.1,140,6.3,30,2022-08-30 14:31,0.0,0.0,0.0,...,0.0,...,7.4,58.7,19.83,...,...,12,2022-08-30 12:00,...
31,8,31,1004.4,1006.7,1006.0,2022-08-31 22:12,1002.8,2022-08-31 14:30,29.9,35.0,2022-08-31 11:27,26.3,2022-08-31 05:19,25.3,77,54,2022-08-31 10:39,1.8,20,10.1,10,2022-08-31 14:15,5.0,1.3,2.0,2022-08-31 22:12,3.0,2022-08-31 22:44,9.4,74.8,23.70,...,...,11,2022-08-31 12:00,...
1,9,01,1005.0,1007.3,1006.5,2022-09-01 07:44,1003.2,2022-09-01 23:51,27.3,29.8,2022-09-01 10:34,24.5,2022-09-01 20:36,24.3,85,64,2022-09-01 17:31,2.8,10,13.4,20,2022-09-01 11:33,10.0,2.6,2.5,2022-09-01 00:20,4.5,2022-09-01 20:13,1.6,12.8,9.68,...,...,6,2022-09-01 12:00,...
2,9,02,999.6,1001.9,1003.2,2022-09-02 00:01,997.4,2022-09-02 23:56,26.1,27.1,2022-09-02 13:49,24.8,2022-09-02 06:40,25.4,96,78,2022-09-02 00:01,3.9,10,14.5,10,2022-09-02 18:51,71.5,12.0,10.5,2022-09-02 19:32,17.5,2022-09-02 19:27,0.0,0.0,3.29,...,...,2,2022-09-02 12:00,...
3,9,03,994.4,996.7,997.3,2022-09-03 00:02,992.6,2022-09-03 14:40,27.2,28.8,2022-09-03 10:04,25.9,2022-09-03 05:43,26.7,97,90,2022-09-03 10:02,2.9,360,13.1,330,2022-09-03 23:55,63.5,5.2,8.5,2022-09-03 13:32,24.0,2022-09-03 13:21,0.9,7.2,8.42,...,...,6,2022-09-03 13:00,...
4,9,04,994.5,996.8,998.2,2022-09-04 21:48,992.3,2022-09-04 02:24,26.5,28.5,2022-09-04 19:08,25.2,2022-09-04 11:09,25.3,93,76,2022-09-04 19:08,3.6,250,14.5,320,2022-09-04 03:35,34.5,6.9,11.0,2022-09-04 13:26,17.0,2022-09-04 13:14,0.1,0.8,3.69,...,...,2,2022-09-04 13:00,...
5,9,05,1000.5,1002.8,1004.6,2022-09-05 22:36,996.9,2022-09-05 02:37,28.8,31.4,2022-09-05 13:42,26.4,2022-09-05 00:34,25.5,83,73,2022-09-05 05:34,1.6,280,10.0,280,2022-09-05 10:41,0.0,0.1,0.0,2022-09-05 00:21,0.0,2022-09-05 00:21,6.2,49.8,18.89,...,...,11,2022-09-05 12:00,...
6,9,06,1008.9,1011.2,1012.2,2022-09-06 22:20,1004.3,2022-09-06 00:06,26.3,29.8,2022-09-06 12:47,23.8,2022-09-06 22:56,24.2,88,69,2022-09-06 14:39,1.1,100,6.6,10,2022-09-06 16:02,2.0,1.3,2.0,2022-09-06 07:55,2.0,2022-09-06 07:55,0.4,3.2,9.12,...,...,9,2022-09-06 13:00,...
7,9,07,1012.5,1014.8,1014.1,2022-09-07 20:28,1010.7,2022-09-07 02:24,26.7,29.6,2022-09-07 10:23,23.8,2022-09-07 00:29,22.7,79,56,2022-09-07 16:10,1.0,150,5.7,30,2022-09-07 10:30,0.0,0.2,0.0,2022-09-07 11:40,0.0,2022-09-07 11:40,0.3,2.4,9.88,...,...,5,2022-09-07 11:00,...
8,9,08,1012.8,1015.1,1014.4,2022-09-08 08:44,1011.3,2022-09-08 16:51,26.5,31.5,2022-09-08 12:21,22.2,2022-09-08 05:20,20.1,69,44,2022-09-08 10:58,1.4,80,6.2,90,2022-09-08 14:50,0.0,0.0,0.0,...,0.0,...,10.9,88.1,24.50,...,...,10,2022-09-08 12:00,...
9,9,09,1011.4,1013.7,1012.9,2022-09-09 00:01,1009.5,2022-09-09 15:46,26.3,31.3,2022-09-09 13:00,22.4,2022-09-09 04:03,20.9,73,52,2022-09-09 11:53,1.4,40,9.1,20,2022-09-09 15:10,0.0,0.0,0.0,...,0.0,...,10.8,87.5,24.28,...,...,10,2022-09-09 12:00,...
10,9,10,1009.3,1011.6,1011.1,2022-09-10 00:01,1007.2,2022-09-10 15:07,25.9,30.2,2022-09-10 11:57,21.7,2022-09-10 04:11,20.8,74,53,2022-09-10 13:53,1.7,40,9.2,360,2022-09-10 14:52,0.0,0.1,0.0,2022-09-10 22:11,0.0,2022-09-10 22:11,8.4,68.2,23.71,...,...,11,2022-09-10 12:00,...
11,9,11,1005.7,1008.0,1008.3,2022-09-11 00:01,1003.8,2022-09-11 15:10,25.7,26.7,2022-09-11 17:31,24.3,2022-09-11 00:31,24.9,96,87,2022-09-11 00:02,1.7,20,9.7,30,2022-09-11 08:34,19.0,5.9,3.5,2022-09-11 12:38,5.5,2022-09-11 12:32,0.0,0.0,2.95,...,...,3,2022-09-11 12:00,...
12,9,12,1002.2,1004.5,1003.9,2022-09-12 00:01,1000.4,2022-09-12 14:50,26.2,27.8,2022-09-12 10:42,24.7,2022-09-12 05:16,25.2,95,85,2022-09-12 10:37,2.9,350,18.4,320,2022-09-12 14:33,56.0,3.4,15.5,2022-09-12 02:17,23.5,2022-09-12 01:52,0.1,0.8,7.06,...,...,5,2022-09-12 14:00,...
13,9,13,1002.2,1004.5,1003.3,2022-09-13 11:05,1000.9,2022-09-13 03:45,25.6,26.6,2022-09-13 10:08,23.6,2022-09-13 23:36,24.3,93,85,2022-09-13 18:25,3.3,320,12.3,330,2022-09-13 03:12,34.5,4.3,9.5,2022-09-13 03:10,11.5,2022-09-13 22:21,0.0,0.0,4.16,...,...,2,2022-09-13 13:00,...
14,9,14,1002.2,1004.5,1003.4,2022-09-14 22:01,1001.1,2022-09-14 14:35,26.4,30.0,2022-09-14 13:07,23.3,2022-09-14 02:06,24.2,89,67,2022-09-14 12:57,1.5,300,8.8,280,2022-09-14 10:44,11.5,1.7,4.0,2022-09-14 01:08,10.0,2022-09-14 00:19,8.8,72.0,19.54,...,...,8,2022-09-14 13:00,...
15,9,15,1002.8,1005.1,1003.9,2022-09-15 08:57,1001.4,2022-09-15 13:57,27.0,30.6,2022-09-15 13:27,24.0,2022-09-15 06:03,24.1,85,65,2022-09-15 09:32,1.3,140,7.6,210,2022-09-15 15:44,0.0,0.0,0.0,...,0.0,...,8.3,68.0,21.09,...,...,10,2022-09-15 12:00,...
16,9,16,1003.3,1005.6,1004.6,2022-09-16 09:25,1002.3,2022-09-16 02:31,26.6,31.1,2022-09-16 13:42,23.1,2022-09-16 04:51,23.8,85,67,2022-09-16 13:25,1.4,80,6.4,30,2022-09-16 14:30,0.0,0.0,0.0,...,0.0,...,9.4,77.2,22.87,...,...,10,2022-09-16 12:00,...
17,9,17,1003.9,1006.2,1005.7,2022-09-17 07:36,1002.3,2022-09-17 15:45,26.1,30.4,2022-09-17 12:58,23.0,2022-09-17 04:34,22.7,83,64,2022-09-17 14:46,1.2,90,6.0,330,2022-09-17 14:05,0.0,0.0,0.0,...,0.0,...,8.3,68.3,20.62,...,...,9,2022-09-17 12:00,...
18,9,18,1003.5,1005.8,1004.8,2022-09-18 22:12,1001.8,2022-09-18 14:32,26.3,30.6,2022-09-18 11:45,23.0,2022-09-18 00:49,22.9,82,65,2022-09-18 11:17,1.1,100,5.6,290,2022-09-18 11:10,0.0,0.5,0.0,2022-09-18 04:39,0.0,2022-09-18 04:39,9.1,75.1,21.34,...,...,9,2022-09-18 12:00,...
19,9,19,1005.2,1007.5,1007.3,2022-09-19 23:58,1003.7,2022-09-19 03:25,26.2,30.9,2022-09-19 12:28,23.2,2022-09-19 23:56,22.4,80,62,2022-09-19 12:28,1.2,40,8.9,340,2022-09-19 12:34,0.0,0.0,0.0,...,0.0,...,3.1,25.6,12.71,...,...,7,2022-09-19 13:00,...
20,9,20,1008.7,1011.0,1011.1,2022-09-20 21:26,1006.8,2022-09-20 01:43,24.4,28.3,2022-09-20 13:48,21.0,2022-09-20 23:56,19.6,76,61,2022-09-20 11:30,1.6,30,8.1,70,2022-09-20 12:59,0.0,0.0,0.0,...,0.0,...,5.5,45.6,17.44,...,...,8,2022-09-20 11:00,...
21,9,21,1009.8,1012.2,1011.3,2022-09-21 21:35,1007.7,2022-09-21 14:24,24.6,30.0,2022-09-21 12:46,20.1,2022-09-21 01:48,20.1,77,58,2022-09-21 14:53,1.7,20,9.8,30,2022-09-21 13:57,0.5,0.5,0.5,2022-09-21 09:30,0.5,2022-09-21 09:30,7.1,58.9,18.69,...,...,9,2022-09-21 12:00,...
22,9,22,1009.6,1011.9,1011.1,2022-09-22 09:03,1007.4,2022-09-22 15:31,24.7,29.7,2022-09-22 11:26,20.9,2022-09-22 05:48,18.8,71,45,2022-09-22 14:49,1.8,90,8.9,30,2022-09-22 13:59,0.0,0.0,0.0,...,0.0,...,10.3,85.7,23.60,...,...,10,2022-09-22 12:00,...
23,9,23,1010.3,1012.6,1012.4,2022-09-23 21:14,1008.8,2022-09-23 01:56,25.2,29.9,2022-09-23 12:53,20.7,2022-09-23 00:47,19.6,72,54,2022-09-23 12:31,1.5,40,9.0,360,2022-09-23 12:16,0.0,0.2,0.0,2022-09-23 21:47,0.0,2022-09-23 21:47,9.1,75.9,22.52,...,...,10,2022-09-23 12:00,...
24,9,24,1010.4,1012.7,1012.1,2022-09-24 08:08,1009.1,2022-09-24 14:29,23.5,25.3,2022-09-24 00:03,22.0,2022-09-24 06:26,22.1,92,73,2022-09-24 00:03,2.0,30,10.3,360,2022-09-24 13:54,9.5,13.9,0.5,2022-09-24 07:04,1.5,2022-09-24 08:52,0.0,0.0,5.12,...,...,4,2022-09-24 12:00,...
25,9,25,1009.2,1011.5,1010.9,2022-09-25 09:01,1008.0,2022-09-25 14:59,24.8,26.6,2022-09-25 22:56,24.0,2022-09-25 00:10,23.9,95,87,2022-09-25 22:56,2.0,20,8.7,20,2022-09-25 09:48,1.5,7.3,0.5,2022-09-25 08:13,0.5,2022-09-25 08:13,0.0,0.0,4.92,...,...,3,2022-09-25 14:00,...
26,9,26,1007.5,1009.8,1008.8,2022-09-26 08:27,1005.5,2022-09-26 15:20,28.0,33.1,2022-09-26 13:58,24.9,2022-09-26 06:06,24.2,81,56,2022-09-26 13:36,1.2,100,8.8,80,2022-09-26 17:05,9.5,2.8,4.5,2022-09-26 04:48,5.5,2022-09-26 04:32,7.7,64.6,19.15,...,...,11,2022-09-26 12:00,...
27,9,27,1007.0,1009.3,1008.7,2022-09-27 00:30,1005.7,2022-09-27 14:26,28.6,32.7,2022-09-27 12:38,24.6,2022-09-27 23:10,21.6,67,49,2022-09-27 16:23,1.7,130,11.5,110,2022-09-27 02:57,0.0,0.0,0.0,...,0.0,...,9.7,81.6,22.13,...,...,11,2022-09-27 12:00,...
28,9,28,1006.7,1008.9,1008.3,2022-09-28 22:27,1004.8,2022-09-28 15:35,29.6,34.4,2022-09-28 13:07,24.9,2022-09-28 00:01,21.9,64,49,2022-09-28 10:01,1.5,130,11.2,120,2022-09-28 01:03,0.0,0.0,0.0,...,0.0,...,9.4,79.2,21.71,...,...,10,2022-09-28 12:00,...
29,9,29,1008.6,1010.9,1010.6,2022-09-29 21:06,1007.1,2022-09-29 03:17,29.1,32.0,2022-09-29 13:38,26.7,2022-09-29 06:27,23.6,72,64,2022-09-29 23:58,1.4,130,8.7,120,2022-09-29 01:12,0.0,0.0,0.0,...,0.0,...,9.5,80.2,22.13,...,...,10,2022-09-29 12:00,...
30,9,30,1010.7,1013.0,1012.6,2022-09-30 07:54,1009.2,2022-09-30 01:58,29.2,33.4,2022-09-30 13:13,26.0,2022-09-30 06:08,22.6,68,54,2022-09-30 15:29,1.8,150,8.2,120,2022-09-30 18:09,0.0,0.0,0.0,...,0.0,...,7.0,59.2,17.78,...,...,8,2022-09-30 11:00,...
1,10,01,1011.5,1013.8,1012.9,2022-10-01 08:25,1010.2,2022-10-01 15:25,28.9,31.9,2022-10-01 14:10,25.6,2022-10-01 06:16,22.7,70,55,2022-10-01 16:03,1.4,150,6.6,130,2022-10-01 21:13,0.0,0.0,0.0,...,0.0,...,10.0,84.8,22.27,...,...,9,2022-10-01 12:00,...
2,10,02,1011.3,1013.6,1012.8,2022-10-02 08:02,1009.9,2022-10-02 15:13,29.0,32.9,2022-10-02 13:29,25.0,2022-10-02 05:57,23.1,71,59,2022-10-02 15:22,1.5,140,8.7,130,2022-10-02 22:45,0.0,0.0,0.0,...,0.0,...,10.1,85.8,21.64,...,...,9,2022-10-02 12:00,...
3,10,03,1011.0,1013.3,1012.4,2022-10-03 08:58,1009.5,2022-10-03 15:31,29.4,33.1,2022-10-03 15:38,27.2,2022-10-03 06:24,23.5,71,54,2022-10-03 15:33,1.6,150,8.6,130,2022-10-03 01:38,0.0,0.0,0.0,...,0.0,...,10.1,86.0,22.10,...,...,9,2022-10-03 12:00,...
4,10,04,1011.6,1013.9,1013.4,2022-10-04 21:05,1009.6,2022-10-04 15:21,28.5,32.6,2022-10-04 11:45,25.0,2022-10-04 05:42,23.5,75,59,2022-10-04 11:48,1.4,140,7.9,100,2022-10-04 20:35,0.0,0.0,0.0,...,0.0,...,8.0,68.3,19.16,...,...,8,2022-10-04 12:00,...
5,10,05,1013.9,1016.2,1015.7,2022-10-05 10:06,1012.3,2022-10-05 15:26,26.8,30.6,2022-10-05 13:42,24.3,2022-10-05 23:56,23.3,82,62,2022-10-05 13:24,1.8,40,9.5,20,2022-10-05 10:17,0.0,2.7,0.0,2022-10-05 06:01,0.0,2022-10-05 06:01,3.3,28.2,14.53,...,...,7,2022-10-05 13:00,...
6,10,06,1013.9,1016.2,1015.5,2022-10-06 09:06,1012.0,2022-10-06 14:55,25.6,27.4,2022-10-06 11:02,23.9,2022-10-06 05:06,22.8,85,75,2022-10-06 11:17,2.0,20,7.9,30,2022-10-06 06:14,0.0,1.2,0.0,2022-10-06 00:01,0.0,2022-10-06 00:01,0.1,0.9,7.53,...,...,4,2022-10-06 12:00,...
7,10,07,1013.8,1016.1,1015.9,2022-10-07 23:59,1011.7,2022-10-07 14:10,24.6,25.8,2022-10-07 01:46,23.3,2022-10-07 22:07,23.2,92,83,2022-10-07 01:44,2.0,20,10.2,40,2022-10-07 19:45,11.5,6.0,1.5,2022-10-07 07:31,6.5,2022-10-07 07:31,0.0,0.0,6.98,...,...,4,2022-10-07 12:00,...
8,10,08,1014.7,1017.0,1015.9,2022-10-08 00:03,1013.2,2022-10-08 15:02,23.8,25.0,2022-10-08 11:44,23.0,2022-10-08 03:11,21.1,85,74,2022-10-08 13:28,2.1,30,10.5,30,2022-10-08 12:17,0.5,0.4,0.5,2022-10-08 05:18,0.5,2022-10-08 05:18,0.0,0.0,5.35,...,...,4,2022-10-08 12:00,...
9,10,09,1015.0,1017.3,1017.8,2022-10-09 23:50,1013.0,2022-10-09 14:59,23.4,25.6,2022-10-09 12:21,21.1,2022-10-09 23:26,21.7,90,82,2022-10-09 08:51,1.8,30,9.3,30,2022-10-09 15:06,0.5,1.7,0.5,2022-10-09 23:42,0.5,2022-10-09 23:42,0.0,0.0,6.23,...,...,3,2022-10-09 12:00,...
10,10,10,1017.9,1020.3,1019.4,2022-10-10 09:56,1016.6,2022-10-10 03:08,20.2,21.8,2022-10-10 01:23,19.1,2022-10-10 09:14,16.4,79,62,2022-10-10 23:59,2.3,40,10.7,40,2022-10-10 22:14,2.5,6.3,0.5,2022-10-10 05:07,1.0,2022-10-10 05:07,0.0,0.0,2.64,...,...,2,2022-10-10 12:00,...
11,10,11,1016.7,1019.1,1018.6,2022-10-11 09:33,1015.1,2022-10-11 23:44,20.9,22.4,2022-10-11 20:26,20.0,2022-10-11 09:08,14.7,68,58,2022-10-11 05:53,1.8,50,12.5,30,2022-10-11 02:10,0.5,0.5,0.5,2022-10-11 13:03,0.5,2022-10-11 13:03,0.0,0.0,1.82,...,...,1,2022-10-11 12:00,...
12,10,12,1014.8,1017.1,1016.1,2022-10-12 09:56,1013.7,2022-10-12 13:45,21.8,23.8,2022-10-12 13:41,20.7,2022-10-12 04:20,18.9,84,65,2022-10-12 00:30,2.3,20,10.0,10,2022-10-12 13:50,0.5,5.2,0.5,2022-10-12 20:40,0.5,2022-10-12 20:40,0.0,0.0,6.46,...,...,4,2022-10-12 12:00,...
13,10,13,1012.8,1015.1,1014.4,2022-10-13 00:01,1011.0,2022-10-13 15:24,22.6,25.7,2022-10-13 11:51,21.4,2022-10-13 21:06,20.4,88,70,2022-10-13 05:35,2.3,40,10.1,30,2022-10-13 17:03,13.5,10.4,1.5,2022-10-13 16:04,5.0,2022-10-13 15:44,0.2,1.7,4.60,...,...,4,2022-10-13 12:00,...
14,10,14,1010.3,1012.6,1012.2,2022-10-14 00:03,1008.4,2022-10-14 23:45,22.6,23.8,2022-10-14 21:19,21.5,2022-10-14 01:07,22.1,97,88,2022-10-14 11:20,2.0,40,11.6,40,2022-10-14 23:39,23.0,17.4,1.5,2022-10-14 21:41,5.0,2022-10-14 21:35,0.0,0.0,3.90,...,...,4,2022-10-14 11:00,...
15,10,15,1007.8,1010.1,1009.1,2022-10-15 07:20,1006.2,2022-10-15 13:31,23.6,24.5,2022-10-15 11:11,22.9,2022-10-15 05:27,23.4,99,98,2022-10-15 00:01,3.5,20,13.5,20,2022-10-15 13:07,95.0,23.6,3.0,2022-10-15 02:31,8.5,2022-10-15 01:44,0.0,0.0,6.65,...,...,5,2022-10-15 12:00,...
16,10,16,1006.3,1008.6,1007.7,2022-10-16 20:16,1004.9,2022-10-16 04:30,25.1,25.8,2022-10-16 10:13,24.0,2022-10-16 22:52,24.9,99,96,2022-10-16 03:40,3.1,20,11.9,10,2022-10-16 17:27,139.5,22.2,6.0,2022-10-16 16:21,20.0,2022-10-16 17:32,0.0,0.0,1.25,...,...,1,2022-10-16 11:00,...
17,10,17,1010.8,1013.1,1015.5,2022-10-17 22:37,1006.4,2022-10-17 02:06,21.6,24.6,2022-10-17 00:02,18.4,2022-10-17 23:42,21.1,97,95,2022-10-17 20:11,3.4,20,14.7,20,2022-10-17 12:07,103.5,24.0,3.0,2022-10-17 00:15,9.0,2022-10-17 09:57,0.0,0.0,4.73,...,...,3,2022-10-17 13:00,...
18,10,18,1016.5,1018.9,1018.1,2022-10-18 20:33,1015.1,2022-10-18 03:57,18.4,19.8,2022-10-18 10:51,17.5,2022-10-18 02:47,17.0,92,75,2022-10-18 19:09,1.5,60,9.0,20,2022-10-18 02:33,8.5,13.6,0.5,2022-10-18 00:19,1.5,2022-10-18 00:19,0.0,0.0,2.98,...,...,2,2022-10-18 11:00,...
19,10,19,1017.7,1020.1,1019.4,2022-10-19 20:26,1015.9,2022-10-19 03:28,20.4,21.7,2022-10-19 14:14,18.3,2022-10-19 00:09,15.9,75,66,2022-10-19 14:35,1.3,100,9.9,90,2022-10-19 13:59,0.0,2.8,0.0,2022-10-19 00:01,0.0,2022-10-19 00:01,0.0,0.0,3.01,...,...,2,2022-10-19 11:00,...
20,10,20,1017.3,1019.6,1018.8,2022-10-20 09:37,1016.4,2022-10-20 02:58,22.6,23.9,2022-10-20 12:05,20.3,2022-10-20 00:23,17.4,73,63,2022-10-20 02:42,1.9,60,8.9,130,2022-10-20 00:46,0.0,2.8,0.0,2022-10-20 00:01,0.0,2022-10-20 00:01,0.1,0.9,6.59,...,...,4,2022-10-20 11:00,...
21,10,21,1014.6,1016.9,1016.9,2022-10-21 08:48,1012.6,2022-10-21 14:17,24.1,27.8,2022-10-21 10:55,20.3,2022-10-21 06:13,20.9,83,63,2022-10-21 10:17,1.7,20,10.2,30,2022-10-21 11:15,0.0,3.7,0.0,2022-10-21 03:15,0.0,2022-10-21 03:15,2.0,17.7,11.68,...,...,8,2022-10-21 11:00,...
22,10,22,1012.3,1014.6,1014.4,2022-10-22 22:33,1010.4,2022-10-22 14:30,25.7,29.9,2022-10-22 11:03,23.8,2022-10-22 23:56,24.5,93,80,2022-10-22 11:07,2.5,20,11.1,360,2022-10-22 11:12,1.0,5.2,0.5,2022-10-22 06:14,0.5,2022-10-22 06:14,1.6,14.2,10.30,...,...,8,2022-10-22 11:00,...
23,10,23,1015.0,1017.3,1016.7,2022-10-23 21:47,1013.2,2022-10-23 02:42,22.3,24.3,2022-10-23 12:24,20.2,2022-10-23 23:53,20.5,89,78,2022-10-23 08:14,1.6,20,9.5,20,2022-10-23 02:18,1.5,3.9,0.5,2022-10-23 13:10,0.5,2022-10-23 13:10,0.0,0.0,4.45,...,...,4,2022-10-23 12:00,...
24,10,24,1017.6,1020.0,1019.2,2022-10-24 09:35,1015.2,2022-10-24 02:14,21.3,23.6,2022-10-24 10:56,19.3,2022-10-24 21:25,15.3,69,58,2022-10-24 13:20,1.4,80,10.0,340,2022-10-24 12:23,0.0,0.0,0.0,...,0.0,...,1.4,12.4,9.12,...,...,5,2022-10-24 12:00,...
25,10,25,1018.5,1020.9,1020.3,2022-10-25 08:11,1017.4,2022-10-25 23:58,21.5,24.0,2022-10-25 11:13,19.6,2022-10-25 00:15,14.0,62,52,2022-10-25 10:58,1.4,70,8.3,140,2022-10-25 09:39,0.0,0.0,0.0,...,0.0,...,4.1,36.5,11.92,...,...,7,2022-10-25 12:00,...
26,10,26,1015.2,1017.6,1017.6,2022-10-26 00:08,1013.0,2022-10-26 16:19,23.6,27.8,2022-10-26 12:37,18.8,2022-10-26 04:39,16.5,65,52,2022-10-26 11:58,1.6,130,10.6,90,2022-10-26 08:28,0.0,0.0,0.0,...,0.0,...,10.5,93.7,19.75,...,...,8,2022-10-26 12:00,...
27,10,27,1013.8,1016.1,1015.3,2022-10-27 21:48,1012.3,2022-10-27 15:34,24.8,29.4,2022-10-27 12:24,21.1,2022-10-27 06:53,18.9,70,55,2022-10-27 10:19,1.6,70,9.3,20,2022-10-27 14:04,0.0,0.2,0.0,2022-10-27 21:30,0.0,2022-10-27 21:30,9.6,85.8,18.75,...,...,8,2022-10-27 12:00,...
28,10,28,1014.1,1016.4,1015.6,2022-10-28 09:28,1012.7,2022-10-28 13:40,23.9,27.9,2022-10-28 12:06,22.0,2022-10-28 19:24,20.5,82,63,2022-10-28 12:10,1.5,40,9.4,80,2022-10-28 21:41,1.5,2.9,0.5,2022-10-28 18:43,0.5,2022-10-28 18:43,1.6,14.3,8.28,...,...,7,2022-10-28 13:00,...
29,10,29,1013.8,1016.1,1015.5,2022-10-29 09:34,1012.1,2022-10-29 23:56,23.0,24.8,2022-10-29 09:20,21.9,2022-10-29 16:57,19.6,81,72,2022-10-29 07:41,2.4,30,9.6,30,2022-10-29 18:54,2.0,3.8,0.5,2022-10-29 21:41,1.0,2022-10-29 21:41,0.5,4.5,4.46,...,...,3,2022-10-29 10:00,...
30,10,30,1010.4,1012.7,1012.2,2022-10-30 00:09,1008.8,2022-10-30 13:43,22.8,24.1,2022-10-30 10:47,21.8,2022-10-30 00:57,21.5,92,84,2022-10-30 08:43,2.6,60,11.9,20,2022-10-30 06:49,15.0,10.9,0.5,2022-10-30 00:19,1.5,2022-10-30 00:19,0.0,0.0,3.93,...,...,3,2022-10-30 11:00,...
31,10,31,1009.8,1012.1,1013.4,2022-10-31 22:56,1007.6,2022-10-31 03:08,21.5,22.7,2022-10-31 00:03,19.0,2022-10-31 23:21,20.9,97,92,2022-10-31 22:02,3.0,20,13.6,30,2022-10-31 14:36,69.5,21.2,2.5,2022-10-31 18:42,9.5,2022-10-31 22:41,0.0,0.0,1.87,...,...,1,2022-10-31 14:00,...
1,11,01,1011.9,1014.3,1013.3,2022-11-01 09:07,1010.0,2022-11-01 03:51,20.5,22.6,2022-11-01 11:03,19.0,2022-11-01 00:10,19.5,94,76,2022-11-01 11:03,1.5,40,9.0,20,2022-11-01 14:43,21.0,9.4,2.0,2022-11-01 06:13,5.0,2022-11-01 05:20,0.0,0.0,3.64,...,...,3,2022-11-01 11:00,...
2,11,02,1011.6,1013.9,1012.4,2022-11-02 08:30,1010.3,2022-11-02 13:47,22.1,23.7,2022-11-02 10:01,19.6,2022-11-02 01:33,19.9,88,77,2022-11-02 08:53,1.5,30,7.5,30,2022-11-02 02:48,0.0,1.4,0.0,2022-11-02 00:01,0.0,2022-11-02 00:01,0.3,2.7,4.76,...,...,2,2022-11-02 12:00,...
3,11,03,1012.0,1014.3,1013.9,2022-11-03 21:33,1010.4,2022-11-03 13:34,23.5,27.8,2022-11-03 14:18,20.5,2022-11-03 04:55,21.5,89,72,2022-11-03 14:19,1.0,20,5.7,150,2022-11-03 01:01,0.0,0.0,0.0,...,0.0,...,3.6,32.6,12.89,...,...,6,2022-11-03 12:00,...
4,11,04,1016.6,1019.0,1019.3,2022-11-04 21:53,1013.5,2022-11-04 00:20,21.0,23.3,2022-11-04 00:02,19.6,2022-11-04 23:27,18.8,87,75,2022-11-04 13:54,3.2,20,10.1,10,2022-11-04 12:21,0.0,0.7,0.0,2022-11-04 03:23,0.0,2022-11-04 03:23,0.0,0.0,5.24,...,...,3,2022-11-04 13:00,...
5,11,05,1019.0,1021.4,1020.5,2022-11-05 09:06,1017.1,2022-11-05 13:53,20.1,22.9,2022-11-05 11:01,19.0,2022-11-05 03:19,16.5,80,70,2022-11-05 10:53,2.7,30,10.4,20,2022-11-05 10:21,0.0,0.2,0.0,2022-11-05 16:30,0.0,2022-11-05 16:30,0.7,6.4,9.40,...,...,6,2022-11-05 11:00,...
6,11,06,1017.1,1019.4,1019.2,2022-11-06 00:05,1015.1,2022-11-06 14:36,21.5,26.1,2022-11-06 13:17,18.6,2022-11-06 01:36,17.9,80,65,2022-11-06 12:48,1.2,310,6.1,10,2022-11-06 12:09,0.0,0.0,0.0,...,0.0,...,4.2,38.3,13.80,...,...,6,2022-11-06 13:00,...
7,11,07,1015.1,1017.4,1016.7,2022-11-07 09:15,1013.3,2022-11-07 15:26,23.3,26.2,2022-11-07 12:48,20.6,2022-11-07 05:57,20.0,82,71,2022-11-07 21:59,1.2,270,10.0,170,2022-11-07 16:19,0.0,0.1,0.0,2022-11-07 01:50,0.0,2022-11-07 01:50,1.4,12.8,9.48,...,...,4,2022-11-07 13:00,...
8,11,08,1015.8,1018.1,1017.3,2022-11-08 09:06,1014.8,2022-11-08 00:04,23.2,24.8,2022-11-08 23:05,21.7,2022-11-08 05:07,20.5,85,75,2022-11-08 23:05,1.4,30,7.6,20,2022-11-08 10:46,0.0,0.9,0.0,2022-11-08 04:06,0.0,2022-11-08 04:06,0.0,0.0,2.35,...,...,1,2022-11-08 13:00,...
9,11,09,1013.4,1015.7,1015.4,2022-11-09 00:01,1011.1,2022-11-09 14:01,26.6,29.4,2022-11-09 11:58,22.7,2022-11-09 00:47,20.2,68,58,2022-11-09 10:37,2.9,130,13.6,140,2022-11-09 10:58,0.0,0.0,0.0,...,0.0,...,10.1,92.5,18.27,...,...,7,2022-11-09 12:00,...
10,11,10,1013.6,1015.9,1015.5,2022-11-10 08:37,1011.7,2022-11-10 14:55,26.0,30.2,2022-11-10 13:11,22.5,2022-11-10 06:32,21.3,76,60,2022-11-10 12:31,1.6,140,10.5,180,2022-11-10 18:40,0.0,0.0,0.0,...,0.0,...,9.5,87.1,17.43,...,...,7,2022-11-10 12:00,...
11,11,11,1013.0,1015.3,1014.8,2022-11-11 08:57,1011.8,2022-11-11 14:14,24.6,28.2,2022-11-11 11:33,22.6,2022-11-11 23:33,23.0,91,75,2022-11-11 00:01,0.7,300,6.5,150,2022-11-11 00:16,0.0,0.0,0.0,...,0.0,...,1.1,10.1,9.03,...,...,5,2022-11-11 12:00,...
12,11,12,1012.4,1014.7,1014.0,2022-11-12 08:45,1011.2,2022-11-12 15:26,23.7,27.0,2022-11-12 11:04,21.5,2022-11-12 03:31,22.9,96,83,2022-11-12 13:52,0.8,300,4.5,280,2022-11-12 12:20,0.0,0.0,0.0,...,0.0,...,6.7,61.6,15.90,...,...,7,2022-11-12 11:00,...
13,11,13,1014.5,1016.9,1016.4,2022-11-13 09:52,1012.6,2022-11-13 02:11,23.7,27.5,2022-11-13 14:02,20.6,2022-11-13 03:10,21.4,88,70,2022-11-13 14:49,1.4,30,8.5,10,2022-11-13 12:56,0.0,0.1,0.0,2022-11-13 09:07,0.0,2022-11-13 09:07,5.2,47.9,12.77,...,...,6,2022-11-13 13:00,...
14,11,14,1014.6,1017.0,1017.1,2022-11-14 08:56,1012.2,2022-11-14 15:17,23.8,27.9,2022-11-14 11:56,20.6,2022-11-14 03:53,19.0,75,59,2022-11-14 12:53,1.4,360,8.5,160,2022-11-14 15:05,0.0,0.0,0.0,...,0.0,...,9.3,85.8,16.72,...,...,7,2022-11-14 13:00,...
15,11,15,1013.3,1015.7,1014.9,2022-11-15 09:06,1011.7,2022-11-15 12:57,24.3,29.4,2022-11-15 12:57,21.1,2022-11-15 04:59,20.2,78,59,2022-11-15 11:41,2.1,20,7.9,50,2022-11-15 20:42,0.0,0.0,0.0,...,0.0,...,6.0,55.4,14.06,...,...,7,2022-11-15 12:00,...
16,11,16,1013.3,1015.6,1015.3,2022-11-16 09:26,1011.8,2022-11-16 23:27,22.6,24.5,2022-11-16 13:16,21.2,2022-11-16 02:34,21.4,93,86,2022-11-16 10:21,1.4,20,8.0,20,2022-11-16 00:23,0.5,2.4,0.5,2022-11-16 20:50,0.5,2022-11-16 20:50,0.0,0.0,4.50,...,...,3,2022-11-16 14:00,...
17,11,17,1012.9,1015.2,1014.4,2022-11-17 21:33,1011.3,2022-11-17 02:04,22.9,25.5,2022-11-17 13:02,21.0,2022-11-17 21:48,21.6,93,81,2022-11-17 15:48,1.0,300,5.4,220,2022-11-17 04:39,0.0,0.0,0.0,...,0.0,...,3.6,33.4,10.12,...,...,5,2022-11-17 13:00,...
18,11,18,1014.1,1016.5,1015.9,2022-11-18 09:32,1012.3,2022-11-18 14:41,23.5,26.6,2022-11-18 13:17,20.8,2022-11-18 00:21,21.6,90,74,2022-11-18 15:02,1.5,20,9.9,330,2022-11-18 13:51,0.0,0.0,0.0,...,0.0,...,4.4,40.8,13.35,...,...,6,2022-11-18 11:00,...
19,11,19,1013.0,1015.3,1014.6,2022-11-19 09:02,1011.3,2022-11-19 13:54,23.7,29.2,2022-11-19 13:18,20.9,2022-11-19 05:57,21.3,87,65,2022-11-19 13:19,1.5,20,7.5,40,2022-11-19 15:54,0.0,0.0,0.0,...,0.0,...,8.2,76.2,15.21,...,...,7,2022-11-19 13:00,...
20,11,20,1012.4,1014.7,1014.4,2022-11-20 08:53,1011.1,2022-11-20 14:07,23.9,27.6,2022-11-20 13:22,21.5,2022-11-20 00:36,20.9,84,70,2022-11-20 13:16,1.3,20,7.9,360,2022-11-20 11:04,0.0,0.0,0.0,...,0.0,...,3.1,28.8,9.95,...,...,6,2022-11-20 12:00,...
21,11,21,1012.7,1015.0,1014.7,2022-11-21 08:39,1010.5,2022-11-21 13:49,25.1,27.9,2022-11-21 11:13,23.2,2022-11-21 05:06,20.5,76,63,2022-11-21 13:35,1.7,140,8.8,150,2022-11-21 20:53,0.0,0.0,0.0,...,0.0,...,7.2,67.1,16.04,...,...,7,2022-11-21 13:00,...
22,11,22,1011.7,1014.0,1012.9,2022-11-22 00:18,1011.0,2022-11-22 14:44,24.8,28.1,2022-11-22 13:26,22.8,2022-11-22 22:23,22.3,86,73,2022-11-22 09:28,1.2,310,6.4,140,2022-11-22 08:40,0.0,0.1,0.0,2022-11-22 19:01,0.0,2022-11-22 19:01,1.2,11.2,10.45,...,...,4,2022-11-22 13:00,...
23,11,23,1014.2,1016.6,1016.4,2022-11-23 09:32,1011.4,2022-11-23 01:54,21.1,23.4,2022-11-23 00:44,19.8,2022-11-23 17:18,20.2,95,83,2022-11-23 15:20,1.8,20,9.3,360,2022-11-23 08:53,15.0,7.0,1.5,2022-11-23 04:59,4.5,2022-11-23 07:08,0.0,0.0,4.24,...,...,3,2022-11-23 12:00,...
24,11,24,1014.7,1017.1,1016.5,2022-11-24 23:47,1013.4,2022-11-24 02:33,20.5,21.1,2022-11-24 09:53,19.9,2022-11-24 00:01,20.4,100,99,2022-11-24 00:01,0.5,150,5.0,120,2022-11-24 22:16,69.5,10.6,3.0,2022-11-24 05:18,11.5,2022-11-24 20:44,0.0,0.0,2.56,...,...,2,2022-11-24 12:00,...
25,11,25,1013.2,1015.6,1016.3,2022-11-25 00:01,1010.4,2022-11-25 13:50,21.3,24.5,2022-11-25 11:31,19.7,2022-11-25 23:50,21.0,98,90,2022-11-25 11:24,1.5,140,7.7,160,2022-11-25 23:46,32.5,5.5,4.0,2022-11-25 21:29,9.5,2022-11-25 00:07,0.0,0.0,4.65,...,...,4,2022-11-25 12:00,...
26,11,26,1013.5,1015.9,1015.2,2022-11-26 09:12,1011.4,2022-11-26 00:54,20.8,23.8,2022-11-26 14:09,18.9,2022-11-26 22:04,19.5,92,75,2022-11-26 14:44,1.8,20,7.9,30,2022-11-26 14:33,1.0,1.1,0.5,2022-11-26 03:50,0.5,2022-11-26 03:50,1.8,16.9,8.64,...,...,5,2022-11-26 13:00,...
27,11,27,1011.5,1013.8,1013.3,2022-11-27 03:04,1008.5,2022-11-27 14:23,23.4,27.8,2022-11-27 14:47,20.0,2022-11-27 00:09,20.4,84,67,2022-11-27 12:12,1.6,150,13.5,160,2022-11-27 06:56,0.0,0.1,0.0,2022-11-27 11:24,0.0,2022-11-27 11:24,3.1,29.1,8.97,...,...,4,2022-11-27 13:00,...
28,11,28,1011.5,1013.9,1012.7,2022-11-28 20:41,1009.8,2022-11-28 15:03,23.9,28.6,2022-11-28 11:23,21.1,2022-11-28 06:11,21.8,89,68,2022-11-28 11:24,1.1,300,5.6,310,2022-11-28 12:37,0.0,0.0,0.0,...,0.0,...,9.2,86.4,15.02,...,...,6,2022-11-28 12:00,...
29,11,29,1012.0,1014.3,1014.5,2022-11-29 23:59,1009.6,2022-11-29 14:55,24.6,27.2,2022-11-29 14:13,22.9,2022-11-29 23:59,23.0,91,77,2022-11-29 10:03,1.6,20,7.4,40,2022-11-29 23:32,0.0,0.2,0.0,2022-11-29 21:27,0.0,2022-11-29 21:27,4.7,44.2,10.78,...,...,5,2022-11-29 12:00,...
30,11,30,1019.6,1022.0,1022.2,2022-11-30 09:50,1014.4,2022-11-30 00:01,18.4,23.0,2022-11-30 00:06,16.9,2022-11-30 20:09,16.7,90,81,2022-11-30 14:26,3.9,20,12.8,50,2022-11-30 02:49,1.5,3.7,0.5,2022-11-30 05:50,0.5,2022-11-30 05:50,0.5,4.7,6.60,...,...,4,2022-11-30 14:00,...
1,12,01,1019.6,1022.0,1022.0,2022-12-01 08:43,1017.7,2022-12-01 15:03,17.4,18.4,2022-12-01 13:48,16.7,2022-12-01 07:03,16.2,93,86,2022-12-01 15:17,2.7,30,9.8,20,2022-12-01 12:56,4.0,3.7,0.5,2022-12-01 07:42,1.0,2022-12-01 09:54,0.0,0.0,4.66,...,...,3,2022-12-01 13:00,...
2,12,02,1017.3,1019.7,1021.3,2022-12-02 09:15,1014.7,2022-12-02 23:59,18.6,21.0,2022-12-02 14:34,16.8,2022-12-02 05:34,17.2,91,78,2022-12-02 15:31,2.0,30,11.9,20,2022-12-02 04:49,1.5,0.9,0.5,2022-12-02 06:09,0.5,2022-12-02 06:09,1.5,14.1,6.52,...,...,4,2022-12-02 12:00,...
3,12,03,1014.6,1016.9,1017.1,2022-12-03 08:54,1012.7,2022-12-03 15:32,21.1,23.3,2022-12-03 13:52,18.9,2022-12-03 00:01,20.5,96,88,2022-12-03 11:24,1.7,20,7.3,40,2022-12-03 11:24,1.0,0.2,0.5,2022-12-03 06:27,0.5,2022-12-03 06:27,0.5,4.7,6.59,...,...,5,2022-12-03 12:00,...
4,12,04,1016.3,1018.7,1018.2,2022-12-04 08:58,1013.5,2022-12-04 02:27,20.1,21.5,2022-12-04 04:34,19.2,2022-12-04 22:03,19.6,97,93,2022-12-04 12:48,3.0,20,10.6,30,2022-12-04 12:02,2.5,3.4,0.5,2022-12-04 16:42,1.0,2022-12-04 21:27,0.1,0.9,6.92,...,...,4,2022-12-04 13:00,...
5,12,05,1018.6,1021.0,1020.5,2022-12-05 10:23,1015.7,2022-12-05 02:38,16.9,19.3,2022-12-05 00:26,15.4,2022-12-05 22:01,16.6,98,97,2022-12-05 00:31,3.2,20,11.8,340,2022-12-05 10:06,20.5,12.6,0.5,2022-12-05 01:46,2.5,2022-12-05 18:10,0.0,0.0,4.65,...,...,2,2022-12-05 13:00,...
6,12,06,1017.8,1020.2,1020.3,2022-12-06 08:59,1015.7,2022-12-06 13:46,17.2,19.1,2022-12-06 11:27,15.4,2022-12-06 00:22,14.8,86,72,2022-12-06 12:38,1.8,30,8.6,40,2022-12-06 09:12,2.5,2.0,0.5,2022-12-06 00:19,1.0,2022-12-06 00:19,0.1,0.9,6.10,...,...,4,2022-12-06 12:00,...
7,12,07,1017.0,1019.4,1018.2,2022-12-07 09:02,1015.9,2022-12-07 04:02,18.2,20.1,2022-12-07 09:51,17.3,2022-12-07 01:48,17.2,94,88,2022-12-07 00:06,2.0,20,10.7,60,2022-12-07 14:55,0.5,2.5,0.5,2022-12-07 10:37,0.5,2022-12-07 10:37,0.0,0.0,3.96,...,...,3,2022-12-07 12:00,...
8,12,08,1015.9,1018.3,1017.9,2022-12-08 08:38,1014.0,2022-12-08 23:47,18.1,19.2,2022-12-08 12:35,17.3,2022-12-08 05:03,17.2,95,82,2022-12-08 23:27,1.8,20,10.5,50,2022-12-08 10:17,0.0,3.7,0.0,2022-12-08 00:01,0.0,2022-12-08 00:01,0.1,0.9,4.80,...,...,4,2022-12-08 11:00,...
9,12,09,1012.7,1015.1,1014.1,2022-12-09 00:01,1010.9,2022-12-09 14:20,18.2,19.2,2022-12-09 10:20,17.4,2022-12-09 20:16,17.7,97,86,2022-12-09 00:01,1.7,20,8.5,20,2022-12-09 15:04,6.0,8.3,0.5,2022-12-09 05:29,1.5,2022-12-09 10:39,0.0,0.0,2.83,...,...,2,2022-12-09 13:00,...
10,12,10,1011.4,1013.8,1013.1,2022-12-10 23:12,1009.2,2022-12-10 14:54,18.5,19.9,2022-12-10 10:17,17.4,2022-12-10 02:13,17.7,95,90,2022-12-10 10:21,2.1,30,9.8,30,2022-12-10 13:43,3.5,11.0,0.5,2022-12-10 06:30,1.5,2022-12-10 06:30,0.0,0.0,3.84,...,...,2,2022-12-10 12:00,...
11,12,11,1015.3,1017.7,1017.5,2022-12-11 09:32,1013.1,2022-12-11 00:01,15.9,17.5,2022-12-11 00:01,15.0,2022-12-11 21:28,15.5,98,94,2022-12-11 21:15,2.4,20,11.1,20,2022-12-11 16:26,37.5,22.1,1.0,2022-12-11 00:15,4.0,2022-12-11 04:37,0.0,0.0,2.27,...,...,1,2022-12-11 12:00,...
12,12,12,1016.3,1018.7,1018.2,2022-12-12 21:41,1014.4,2022-12-12 04:22,15.8,17.0,2022-12-12 11:14,14.8,2022-12-12 01:52,14.7,93,84,2022-12-12 01:20,2.0,30,9.5,360,2022-12-12 15:14,0.0,9.7,0.0,2022-12-12 00:01,0.0,2022-12-12 00:01,0.0,0.0,2.37,...,...,2,2022-12-12 11:00,...
13,12,13,1018.4,1020.8,1021.3,2022-12-13 23:49,1016.4,2022-12-13 13:18,15.4,16.8,2022-12-13 10:38,13.8,2022-12-13 23:58,13.6,89,79,2022-12-13 10:40,2.8,30,10.2,20,2022-12-13 23:54,2.0,8.6,0.5,2022-12-13 20:05,1.0,2022-12-13 20:05,0.0,0.0,3.73,...,...,2,2022-12-13 11:00,...
14,12,14,1021.0,1023.4,1024.2,2022-12-14 08:47,1019.1,2022-12-14 22:29,14.4,15.7,2022-12-14 22:23,13.3,2022-12-14 03:50,12.9,91,79,2022-12-14 07:42,2.7,20,9.8,30,2022-12-14 20:28,0.0,9.0,0.0,2022-12-14 00:01,0.0,2022-12-14 00:01,0.0,0.0,2.30,...,...,1,2022-12-14 13:00,...
15,12,15,1016.7,1019.1,1020.4,2022-12-15 07:01,1013.6,2022-12-15 14:33,15.9,18.6,2022-12-15 23:25,13.5,2022-12-15 05:31,15.5,98,92,2022-12-15 07:57,1.6,20,10.0,20,2022-12-15 05:31,8.5,10.3,1.0,2022-12-15 10:08,2.0,2022-12-15 10:08,0.0,0.0,3.73,...,...,2,2022-12-15 12:00,...
16,12,16,1016.2,1018.6,1018.4,2022-12-16 21:34,1013.3,2022-12-16 03:41,18.1,18.9,2022-12-16 06:34,17.0,2022-12-16 23:48,17.8,98,95,2022-12-16 06:34,2.3,20,9.6,350,2022-12-16 23:45,11.5,8.4,1.0,2022-12-16 18:56,3.0,2022-12-16 18:56,0.0,0.0,4.38,...,...,3,2022-12-16 12:00,...
17,12,17,1024.2,1026.7,1028.6,2022-12-17 20:14,1017.6,2022-12-17 00:09,12.3,17.0,2022-12-17 00:01,9.5,2022-12-17 20:17,11.3,94,67,2022-12-17 23:58,3.4,20,14.0,50,2022-12-17 06:38,34.0,18.0,2.5,2022-12-17 08:38,7.0,2022-12-17 08:31,0.0,0.0,2.20,...,...,1,2022-12-17 12:00,...
18,12,18,1026.0,1028.5,1029.0,2022-12-18 08:46,1022.8,2022-12-18 23:59,9.5,12.0,2022-12-18 11:57,7.9,2022-12-18 06:53,3.6,68,52,2022-12-18 08:33,2.1,20,10.3,30,2022-12-18 08:32,0.0,0.0,0.0,...,0.0,...,5.4,51.3,12.04,...,...,5,2022-12-18 12:00,...
19,12,19,1020.1,1022.5,1022.8,2022-12-19 00:01,1017.9,2022-12-19 14:56,14.9,18.8,2022-12-19 12:28,8.4,2022-12-19 00:53,8.9,68,51,2022-12-19 12:29,1.7,60,9.3,110,2022-12-19 20:20,0.0,0.0,0.0,...,0.0,...,5.5,52.3,11.81,...,...,5,2022-12-19 12:00,...
20,12,20,1014.8,1017.2,1018.3,2022-12-20 00:01,1011.7,2022-12-20 14:11,19.5,23.2,2022-12-20 13:10,14.1,2022-12-20 02:32,12.9,66,50,2022-12-20 14:06,2.2,130,13.2,120,2022-12-20 09:46,0.0,0.0,0.0,...,0.0,...,9.3,88.4,15.10,...,...,5,2022-12-20 12:00,...
21,12,21,1013.1,1015.5,1014.8,2022-12-21 20:31,1011.4,2022-12-21 13:27,15.1,18.6,2022-12-21 08:50,10.8,2022-12-21 23:54,12.5,85,72,2022-12-21 18:31,1.8,10,9.6,30,2022-12-21 09:43,0.0,0.6,0.0,2022-12-21 06:10,0.0,2022-12-21 06:10,0.6,5.7,4.15,...,...,3,2022-12-21 12:00,...
22,12,22,1015.0,1017.4,1017.0,2022-12-22 23:54,1012.6,2022-12-22 13:29,13.2,19.3,2022-12-22 12:08,9.9,2022-12-22 23:34,6.2,66,28,2022-12-22 11:57,1.4,130,7.1,30,2022-12-22 11:52,0.0,0.0,0.0,...,0.0,...,9.4,89.3,15.86,...,...,5,2022-12-22 12:00,...
23,12,23,1019.3,1021.8,1021.7,2022-12-23 21:41,1016.8,2022-12-23 03:40,10.8,14.5,2022-12-23 09:55,7.3,2022-12-23 22:07,5.6,71,51,2022-12-23 13:39,2.2,20,10.8,40,2022-12-23 11:56,0.0,0.0,0.0,...,0.0,...,5.9,56.0,10.99,...,...,4,2022-12-23 12:00,...
24,12,24,1022.0,1024.5,1023.4,2022-12-24 09:46,1020.7,2022-12-24 00:40,10.4,15.4,2022-12-24 12:36,7.0,2022-12-24 06:17,4.7,69,42,2022-12-24 12:09,1.5,120,7.6,350,2022-12-24 12:14,0.0,0.0,0.0,...,0.0,...,8.3,78.8,15.14,...,...,5,2022-12-24 12:00,...
25,12,25,1022.6,1025.1,1024.5,2022-12-25 08:57,1021.1,2022-12-25 14:33,11.0,15.4,2022-12-25 13:06,7.3,2022-12-25 04:41,5.9,72,48,2022-12-25 12:45,1.6,130,9.2,40,2022-12-25 13:28,0.0,0.0,0.0,...,0.0,...,6.7,63.6,13.53,...,...,5,2022-12-25 12:00,...
26,12,26,1021.7,1024.2,1022.7,2022-12-26 08:43,1020.0,2022-12-26 14:38,13.9,18.3,2022-12-26 14:41,9.5,2022-12-26 05:35,9.9,78,61,2022-12-26 11:47,1.6,40,8.4,50,2022-12-26 15:24,0.0,0.0,0.0,...,0.0,...,4.3,40.8,9.70,...,...,3,2022-12-26 12:00,...
27,12,27,1021.9,1024.3,1023.6,2022-12-27 09:41,1020.3,2022-12-27 14:11,15.8,17.5,2022-12-27 12:27,11.8,2022-12-27 01:49,11.3,75,62,2022-12-27 09:16,1.8,30,11.5,20,2022-12-27 12:52,0.0,0.0,0.0,...,0.0,...,0.0,0.0,4.96,...,...,3,2022-12-27 13:00,...
28,12,28,1022.1,1024.5,1024.4,2022-12-28 22:30,1020.1,2022-12-28 13:59,16.6,19.0,2022-12-28 10:29,13.9,2022-12-28 00:15,14.1,85,71,2022-12-28 10:32,1.8,30,8.5,30,2022-12-28 18:28,0.0,2.0,0.0,2022-12-28 05:16,0.0,2022-12-28 05:16,0.0,0.0,3.23,...,...,2,2022-12-28 11:00,...
29,12,29,1022.5,1024.9,1023.9,2022-12-29 00:01,1020.6,2022-12-29 13:33,16.0,16.9,2022-12-29 10:33,14.9,2022-12-29 05:17,15.0,93,86,2022-12-29 02:12,1.8,20,9.1,360,2022-12-29 23:42,2.5,9.6,0.5,2022-12-29 03:24,1.0,2022-12-29 03:24,0.0,0.0,2.19,...,...,2,2022-12-29 13:00,...
30,12,30,1023.3,1025.7,1024.8,2022-12-30 22:34,1021.0,2022-12-30 13:01,15.7,17.3,2022-12-30 12:19,14.8,2022-12-30 20:05,14.7,94,87,2022-12-30 13:18,3.1,20,10.0,30,2022-12-30 00:46,2.5,6.7,0.5,2022-12-30 01:36,1.0,2022-12-30 17:45,0.0,0.0,5.07,...,...,3,2022-12-30 12:00,...
31,12,31,1023.2,1025.6,1024.8,2022-12-31 09:33,1021.7,2022-12-31 15:05,16.3,17.6,2022-12-31 22:36,14.7,2022-12-31 00:13,14.4,89,82,2022-12-31 13:43,3.0,30,10.1,10,2022-12-31 12:50,0.5,3.6,0.5,2022-12-31 00:58,0.5,2022-12-31 00:58,0.1,0.9,4.71,...,...,2,2022-12-31 13:00,...
